Row,Var1_1,Var1_2,Var1_3,Var1_4,Var1_5,Var1_6,Var1_7,Var1_8,Var1_9,Var1_10
ABCB11,0.0565094585105522,-0.0421516257638095,0.0037187481215735,0.00743087219775028,0.0623381365317328,-0.0769105175047248,-0.0259215027461241,0.0675363501609179,-0.00583055244946775,-0.00264520096064587
ABCC3,0.0886045799414793,0.0127524612664526,-0.0231952550394174,-0.0172323249411029,0.0706468236682622,-0.0255457272035451,0.0108717721409839,0.0338041720041028,-0.0244029019135108,-0.0213586333953076
ADAM21,0.00815790296764124,-0.0429125139694252,0.0936265763301987,-0.00211672057030952,0.0175173645199049,0.0619990317951174,-0.054173745211463,0.0719650926570366,0.0624471783568555,0.0205548249797263
ADARB2,0.0265990995241542,-0.00481506971572238,0.026446630624037,-0.0147902537455994,0.0332128663192766,-0.0955902306937948,0.00290622062261128,-0.0658097446461337,-0.0428351067851077,-0.0386071805904546
ADAT1,0.0468248116898423,0.0684599803808875,-0.0180820928157902,0.0203389246430701,0.0608215632591871,-0.100392836207128,0.00649406133143327,0.0267738474712017,0.0176019213221442,-0.0100922467568245
ADD1,0.04238206225975,0.0166187820313333,0.0692035861217187,0.0440024068449147,0.0618088572821997,-0.0282246134469755,-0.0662133974899742,0.00421399271005772,-0.0682865592468426,-0.0899496563307932
ADGRL1,0.0615488688897224,-0.0132401223329409,0.0803781423797835,-0.0461033099950286,0.0156560687189867,0.0369238421495971,0.0350110108963833,0.00586215626288731,-0.0599072157507215,0.00307695423970037
ADH7,-0.0236697003599017,0.0382540134758397,0.0473564857860468,-0.0631601211549203,-0.0399052427104213,0.0437997372891942,0.0567878134384377,0.000703139836285092,0.0170629079645642,-0.0627927413819457
AFG3L2,0.0943499341573679,-0.0340644458133902,0.0308622998222146,0.0174025644461503,-0.00339211959717977,-0.00669407883085409,-0.0030749400371213,0.000189106690265045,0.0163001250617937,0.00317811574745014
AGGF1,0.0564867173931719,-0.0610516454909464,0.0395597154660943,0.0183457561333199,-0.0081318529669251,0.0103177301706444,0.0631481547681133,0.0164352489573313,-0.0209330034499892,-0.02261018817817
AK2,0.0780628841699183,-0.0389607630549038,-0.0482400446448108,0.0233201785245327,0.0560478702225408,-0.00202079764974698,-0.0595261757538811,0.0320307321201395,0.0242008235292168,0.0204009848483513
ALKBH8,0.000577699133464579,0.0300680977723866,0.116135296688948,0.0511148086184643,0.00540949991642839,-0.0737190526582468,-0.00508554811776697,-0.0479454430437041,0.0122531723226547,-0.0101689023153772
AMBRA1,0.0153722879635091,-0.0274540023632149,0.0784651188114023,-0.0757379272181758,0.0127535684605536,0.00949564385256689,-0.0919403540323406,-0.0267827184099388,-0.0517235029675932,-0.0437709161762471
AMZ1,0.0154481790630485,-0.0715101654225595,-0.0290410356355705,-0.0480676051350277,-0.00907932591356848,-0.0643470044491474,0.0352235403830535,-0.0530954558098163,0.0570226080478552,0.0208260422672753
AP2M1,0.0243248766760309,-0.0291834552684214,0.0471576681189737,0.00584148113384576,0.0621267340711022,-0.0331699395658361,0.0327786845471785,-0.0240486313317682,0.126042541053123,-0.0299929565116244
APLN,0.0457852341076786,-0.0313226462000011,-0.0262856728998058,-0.0422802158420639,-0.0572734700160231,0.0940238150814851,-0.00948268731691886,0.0202543247819045,-0.0139077282994068,0.0080347085225845
APOLD1,-0.0198918068142884,0.0213947631072465,-0.0453622900979279,-0.0453024948538698,0.0650666782277279,0.0100792800251591,0.0464155214939855,0.0770370225352377,0.0377977260701502,-0.0425833348286416
ARFGAP1,-0.0336397038322205,-0.00753603855486219,-0.00305794218342033,-0.0704833024976228,0.027678592216922,0.0519248759773716,-0.0626145148596822,-0.0201731606076171,0.0282861506858867,-0.0639765127517795
ARHGEF16,0.0157608614257194,0.0189456209874066,-0.00996417807687592,-0.00724311875292566,-0.0204207939971346,0.00075671858241709,0.0355414110964888,0.0324235737380597,-0.0208341915266514,-0.101039237205166
ARHGEF5,0.0495641845208582,0.0662061987753655,0.011281241400901,-0.0722536866396183,0.0487423673972075,-0.0176344343219676,-0.00974137871416975,-0.010382028312462,-0.055819626690991,0.0392213482208166
ARID4A,-0.0217334207188973,-0.00554795193316098,0.048925848876354,0.0393158575113596,0.0159046081927656,-0.0656165775141013,0.0287973435247378,-0.0192701647232528,0.0776479339051942,-0.0308032879523418
ARL5B,-0.0534107302006029,0.0760624240236891,-0.0616072000731613,-0.00532085365342892,-0.042197879279854,-0.0297035435511926,0.000722519005042067,-0.045346934350995,-0.0288879145803919,-0.0365743087298481
ARL6IP6,0.0155844140772988,-0.0251162932689042,-0.0161768366094802,0.0872156684618858,-0.0658650888325048,-0.0639244890117806,-0.0691133833335131,0.0183740965091216,-0.0366950146686221,-0.0594802095021812
ASTN1,-0.00159763238578792,-0.0116385212800889,0.0374899793383724,-0.0671857489393336,-0.0274181802476434,-0.0486516494364349,0.00608874980875573,0.0457370082354272,-0.0226213508438536,-0.0404883989500754
ATG3,-0.0147526399479689,-0.0190458474341278,-0.110775526608368,0.0340962838464437,-0.0503702385161649,0.0419628721560086,-0.0666701930949163,-0.0445412447669381,-0.0182802139106007,0.00320600082392676
ATP6,0.0233816165303403,0.0322719810441749,0.0127517496396665,0.0495136848969948,0.136032794862417,0.0144839976414779,0.0382265982966409,-0.0152353704795587,0.037031148418708,0.0237611692628036
ATPAF2,0.0626802050217181,-0.0552650554321687,-0.0264115536770357,-0.0513647288493273,0.00319883587686879,-0.0268182594631164,-0.0779536389249961,0.00184465846447488,-0.0349835468623462,0.0112091678710009
ATXN7L3,-0.0733339747007716,-0.0252202174973743,0.0336661088983197,-0.0187643184703523,0.01079472009762,-0.0289491314673541,0.0337752194115464,-0.0203348371917838,0.0752230158322461,-0.0750495840163698
AXIN1,0.00915490114974656,-0.00661002776099416,0.0178110803616843,-0.0339228248300489,0.0146980938408093,-0.0735745814684707,-0.0546502781524935,0.0111354892833418,-0.0963460652401194,-0.0742260223409845
B3GNT2,0.0612221724822953,-0.0280231180427759,-0.00115416501686424,0.00464780572446367,-0.0272293042841558,-0.0590679155590639,0.0237782151488636,-0.0425757425718868,-0.0649567001036196,0.0638668493833117
B3GNT8,-0.0461772248422591,0.0230113009313846,0.0686868186052094,-0.0159690764009669,0.0464992109275232,-0.0399595768722561,0.0372115936584012,0.0214258653070398,0.0926070029876606,0.0856122467716175
BACE2,-0.0223327624456637,0.109928596970536,-0.0487163634228855,-0.0523031273295605,-0.00362802394227488,0.0171054891135728,0.0448975652337128,0.0347251731167832,-0.00238949488512527,0.00249639373619717
BAP1,-0.00532690667683642,0.0179695446478784,0.0860632583357057,-0.0527033691661573,-0.0394182686833911,0.101063879144166,-0.0209439967103599,0.0539743492194656,0.0156841069324607,0.0251760487739417
BBS10,-0.0656299317122262,-0.0427031845518895,-0.0448991861507955,0.0313987892008347,0.0344399312403834,0.0534429406010561,0.00384788081078388,0.0171049495955431,-0.034057527215741,0.0670533540105877
BCKDK,-0.0580488617412232,0.019561937901762,0.102439854329364,0.0318716437278319,0.0182124095706826,-0.00642143231398389,0.00679592298064768,-0.00517152848987919,0.0784477327791595,-0.0526350649626056
BCL2,-0.0171273665834685,-0.0670866548908182,0.0840130639046014,0.0687441872976581,-0.0131034955147682,0.0321697056141397,-0.00587835117715819,0.029809635208915,0.0372274609163854,-0.0561377768599178
BCL2L2,0.000548646292195354,0.0562496654891702,0.0838023288313071,0.0510950606085904,-0.00400322849396965,-0.0352718431340158,-0.00959877949526226,0.031258805101166,-0.0623353193905014,-0.0306656210748529
BEAN1,-0.0557159747798818,0.0133575206414277,-3.58984212474216e-05,-0.0483444294106964,-0.00789718477564689,-0.0408798445527654,0.0530881696241453,0.00130939831027729,0.0250239780842713,-0.0636538128092988
BECN1,0.0836756497604109,0.00237081580073027,0.00400334221997895,-0.00954415395893821,0.012179472003231,0.0238634101637183,-0.0287910354389994,0.0515822348567748,0.0282457853281472,-0.0356141344070167
BIRC6,0.0709584713205879,0.0338170057353596,0.0160315014046284,0.0158531003682751,-0.0586038714865867,0.0164355284694074,0.0443838635925729,-0.0656002088890133,-0.0631162318484155,-0.0022019393190505
BMP4,0.0261890404394365,-0.0473204910184788,0.0375749664063776,-0.0248940239977686,0.00449999745691987,0.0166981225356909,-0.0263951448972092,0.0336092780607863,0.06537254181321,0.0429078329289073
BRINP3,-0.00633972407852303,0.0129090918036314,0.0548087564715574,0.0614293546894793,0.00980141018125838,0.0128363105322993,0.016950398498476,-0.105758431752694,-0.0241336469000231,-0.0919573064186025
C17orf80,-0.0407017320580057,-0.0167435417336559,0.037515286451419,0.0593247584716109,0.0198002794937324,0.046257140364824,-0.0336065956385163,0.00937890938292817,-0.0361900967224691,0.0439249962003335
C1orf112,0.00276406991014906,0.041830948565671,0.0874982663829109,0.0549700677023777,0.0653381238444018,-0.0264418875321908,0.0274421329383847,-0.0175000224470606,0.0505473187295907,-0.0106192119428834
C2CD2L,0.0489731949272001,0.00186150312391629,0.0479526564312282,0.00163083952074852,0.0816711152656248,-0.00892550597449423,0.00373840747407935,-0.0382614726007046,0.00189872604693999,0.133321063732763
C2CD3,-0.0260998893356941,0.0303112657344514,0.0505471492945589,0.0144418328633988,-0.0595935344223887,-0.053553689952453,0.00512071073702365,-0.044610941660547,-0.0440292122275812,0.0156935621678843
C5,-0.0275252384519584,-0.0513490743364907,-0.0139942386163758,-0.00948780117932015,-0.00348227119265154,-0.0781914410727453,0.00175093868698762,0.00814494271721144,-0.0569442015557986,-0.076710603764123
CACNA1C,-0.0216423199231493,0.0312067434219155,-0.00846906035471028,-0.106476060983317,0.0265929940456329,-0.038766524406029,0.0392780016335985,0.0344003582555165,-0.0303151197636162,-0.00476605303703746
CACNA1D,0.0494294278986542,-0.0311759652249179,0.0816487887650482,-0.0169809531428301,-0.0446736969380931,-0.0150694028069847,0.0337600093071042,0.0925029247755897,0.0630399659493556,0.0194990024848306
CALHM2,-0.0940307991235077,-0.0175933995817283,0.0341966505407936,-0.0258039538309116,-0.00401278365087418,0.0153923775387964,0.0141004036326689,0.00889934837881656,-0.0285321226387416,-0.0114759042436749
CAMK2N1,0.0886087626834096,-0.044123813616282,0.0425413479933587,0.0224378185791311,0.00162564204978149,0.0222315449261867,0.0133460745318406,0.0244543036671839,0.0115529201836331,0.00780719807624549
CAP1,0.0236425030633869,0.0783169652070899,-0.0383284200705116,-0.025952382652252,0.0927299175492236,-0.032673712205457,-0.0371250349934968,0.0029057575816578,-0.0239369469493462,-0.0110172560830484
CAPRIN2,-0.0620523145238332,0.0275855616497778,-0.0386190715311609,0.0259686295684911,0.0438581189334726,0.0409301924070815,0.0323944660152677,0.0740882847750094,-0.0476725115512742,0.0203115866571079
CBLB,-0.0477315585407302,0.0352615478952798,0.088662803172793,0.0204163460380766,0.0576413899200787,0.0237658153198188,0.00285925830521464,-0.0370011964602602,-0.000278716655195042,0.0286117566221561
CBLN3,-0.00736349949153581,0.0437566657866954,-0.0672878231964387,0.0184999954687805,-0.135975576949372,0.0173743087456261,0.0316962854894332,-0.0168210220584225,0.0195504461707898,0.0303817676572915
CCDC130,0.0772521279270325,-0.0483031949230316,0.0532197765390833,0.009647555555396,0.0135423647316495,0.0393791376278063,0.00580854140062786,0.0129633884520962,-0.00321556320939634,0.002860511824149
CCDC174,0.0448865289507797,-0.0481452277685138,-0.0280718782722161,0.0112951413553274,0.0488339718500477,-0.0175328320609234,0.0537106898260293,0.000497841333492908,0.0541893063427665,-0.0768626710375959
CCDC71L,-0.0594785246985801,-0.0345979535805646,-0.0296000743467888,-0.0500022579624899,0.0498774867927276,0.00272717310534597,-0.0284709491077819,-0.0243339231504936,0.078985704188669,-0.0063341284094673
CD101,0.0298397158917283,-0.00983174646332215,0.00649335549599932,-0.0449386049840136,-0.0142341690251687,0.0266532682494558,-0.0168300426220552,-0.00689223022799822,0.0183124404719911,-0.0314388498784451
CD28,-0.0776076887266986,-0.0378733771160793,0.031055505512302,0.00841765466551574,0.0266098080435674,-0.0223735100399624,-0.00960635977359326,-0.0147989442784054,0.0532908590590784,-0.076132655970411
CD99L2,-0.0538878312903735,-0.080917517390465,0.020016880309077,0.013993780014379,0.0391013876585308,-0.044961468213329,0.00650122960222146,-0.0166474963422774,-0.0646706053279642,0.0965364642010096
CDH18,0.0201311697863164,-0.0458399045333262,0.0152293630056407,0.077437575270156,0.0111008034168919,0.103710693789908,-0.074790234953965,0.0277594405755018,0.0702577547879323,0.0120450578721628
CDK9,0.0152696927495272,-0.0916990128039149,-0.0383764976337127,-0.0672920406465663,0.00454556176724059,0.0276820457032552,0.0476817489862852,-0.0233060006134494,0.00113427531880286,-0.0340411079805981
CDKN2A,-0.0255191408392901,-0.0545673841775819,-0.0664804283989766,-0.0661429796600881,0.0230816368756516,0.0677328135368649,0.0663208594743251,0.0380303268907312,-0.0151999600785187,0.0301145381688196
CDKN2C,-0.0710922210407178,-0.0413528947997489,0.0257808814783629,0.0420704635779828,-0.0338675817153919,1.11014288904438e-06,-0.0435935373460579,-0.023294333510593,-0.023860589372265,-0.0594479606519543
CDS1,0.0743847500002718,0.0720817112690774,-0.0123151087583082,0.00969530453486966,-0.0248618999282351,0.00707612696527794,0.0425240126536887,0.0169293217452876,-0.0469778905374663,0.00198261068091163
CEP83,-0.0225415660626629,0.018909951030684,0.0352257013096422,0.0672044324241974,-0.0546710632381782,0.0221139194232868,0.012690682796694,-0.0651110569682844,0.134234902914361,0.00391308003494542
CHAD,-0.0590011231084078,-0.0699622292378344,0.0299621354064795,-0.0365136654325524,-0.049249835934568,0.0253466547194681,-0.0337254750588845,0.00179777456075715,-0.0147662789649149,0.0100822318035882
CHRNA1,0.0555840007158388,-0.0737284523585642,0.0335110575005677,-0.00325481886844214,-0.0261852529638942,0.0586282715898677,0.0307713986616536,-0.0348439222476956,0.0390275126565227,0.0190982861849176
CHST1,-0.0377084798180998,0.00713319732429955,0.0397514198135027,-0.0701855880210753,-0.101895446373258,-0.0240064820092284,-0.00284618030222911,-0.0162078012287994,0.0274575425810338,0.0919210673074163
CHST14,-0.0294440156042903,-0.0336628227296873,0.0319278013258984,0.0257689421147889,-0.0353095052223622,-0.0365709953874728,0.0682297225733645,-0.00711607737780628,-0.0679066420749355,-0.110670787221484
CIZ1,-0.0150836797847172,-0.0181425737180977,0.0761328326499552,0.0407712594443922,0.0264867581062154,0.0426285718063389,0.0190527076511301,-0.0453244136602471,-0.0612572222098338,-0.00793682407797273
CLCC1,-0.0608621561322339,-0.0156701622699787,-0.0324977104931595,0.0622333040731287,0.0287574196167193,0.00159856339309828,0.0140582688851939,0.0315588205841137,-0.0231346682486137,0.0681775116032701
CLEC4C,0.0158691997008855,0.00415302714802084,0.0533592299240977,-0.0175057211435461,0.00430436281916776,-0.0222937632965653,0.0505004719898597,-0.0208852682498175,0.116180013730992,-0.0360471343275258
CLPX,0.0264569077618341,-0.056896725927755,-0.0940242757943436,0.0132866272524105,-0.0582756020785577,-0.021145901693295,0.000942648396661911,0.0685524881715213,0.0171510361691289,-0.00302585186466852
CNN3,-0.0217648245102731,0.00583922424770443,0.0912465098024222,0.0697044041497597,0.0490176065197159,-0.0176848414145417,0.00954518889472951,0.0129135071613733,-0.0290394151313968,0.0406527025467633
CNOT10,-0.0500744884661028,-0.00381674906520826,0.0857179218798753,0.00695206284132156,-0.00298975290682348,0.00560955394469915,-0.0462743519345285,0.0579079574858361,-0.0530079350728228,-0.0659337247400665
CNTLN,-0.0142021032328718,0.0791329436950423,0.0206176072829901,0.0336199123233952,0.00390317014818397,-0.0474268160671855,0.00756849453548214,-0.0311682986717407,0.00922041624350598,-0.101247173879287
COL12A1,-0.0730740990115271,-0.0655200885739955,-0.00904048938190676,0.0125431708851757,0.0179975514818773,-0.0314402160573086,0.051522121472618,0.0447422400269207,-0.0549828695973442,0.0391606780111292
COL7A1,-0.0737776011446003,-0.0620566916512904,-0.0285223703235635,0.00585450216113332,0.0352244824241111,-0.0336755813357959,0.0646438241098691,0.0105322338897546,-0.039547026030396,0.00368040931552824
COMMD8,-0.0380621448547611,-0.0470053684856601,0.0325631020553627,-0.0116172213523736,0.00473592239753629,-0.0306820366377209,0.0691107334793842,0.0263051356299615,0.0249925234819661,0.0180513565233196
COQ4,0.0591148965821667,-0.0595386395183913,-0.00966268087516602,-0.0674343203840539,0.0675915263259382,-0.00344823087479336,-0.0494502393111328,-0.0405459614150037,-0.0200025161054936,-0.0118830313324678
CORO2A,0.0394993870036796,0.0794182739541676,-0.00872979864078901,-0.0698624967776054,0.00443212993998357,-0.0528895170974881,-0.00167286185900471,-0.0648241102236276,-0.0633486045326178,-0.0197123392459101
COX1,-0.0267898163761879,0.0217626637440327,0.0538066865159612,-0.0498028478424807,-0.0374450518182899,-0.0756740251889892,-0.00253527300385784,-0.0137682673721244,-0.030812519003185,0.0682637461619066
COX2,0.0222729462940848,0.0601403325691448,0.0117362619324222,0.0375702661926671,0.135249976297691,0.0096416595002646,0.0504171936407187,0.00135019189520641,0.0401124671370035,0.0433532047043304
CPN2,0.00270723250485512,-0.0543090976794294,0.0631807507225338,-0.0613058144509935,-0.0303880472370178,0.0427985096526569,0.0138483774970235,0.092413584796438,-0.0447691423570561,-0.038250723751417
CRABP1,0.00705322231934375,0.0172926620023259,0.0504148834770604,-0.0184538644932808,-0.0937527933944265,-0.00189303350698082,0.0249567125249171,0.00439551478610377,-0.0823242300608601,-0.000802391074317131
CREBBP,0.0295168975619233,-0.0789242055331371,0.00211181148714045,0.0301350840656564,-0.0510910234355921,-0.100311150007666,0.079173498991401,0.0225906865551554,0.0173656518545897,0.00798928753660035
CRELD1,-0.014780821064633,-0.0201545373008729,0.0599182427990294,-0.0838931599150762,-0.0364159010498503,-0.00334562376581513,-0.0712399425984814,0.0438102095544209,0.0202299941830843,-0.0145868888087882
CRLF1,-0.00283410942484804,0.0120524090238724,0.0439058663915847,-0.0607659918903351,0.00390145224145347,-0.099121936769787,-0.0132938906719478,0.00084786931861356,0.0269209019970288,0.0150490656523187
CSNK1A1,0.0627376512795905,0.00181454493040227,-0.0378932929835135,-0.0715290340075017,0.0691257114756323,-0.0250652947429798,0.0401221742944189,0.00593406485133259,0.0228067792958524,0.0221134674341394
CSRNP2,-0.0264244810883813,-0.0444045358217693,0.0129572767211682,0.00230286601501553,0.103303062923553,-0.0231957097921869,-0.0171552603517756,0.0686405088137345,-0.0384565040451511,-0.0229088531938062
CTTN,7.6573746429571e-05,0.117743865752948,0.0173615474297115,0.0102481288741516,0.0274185034866365,0.0190413222464315,-0.047522969145497,0.0431261537600691,-0.0380013364388572,0.0046569356897492
CWC27,-0.020912570245007,0.0590340632100535,0.0363968616530806,0.10153929573116,0.0250544962254712,-0.0110962792494138,-0.0201066590636782,0.0385731654311931,-0.0256976585330261,-0.0320972899268966
CXXC5,-0.0575115609092267,0.013692571865709,0.0940307545324282,0.0691688522442996,-0.00567877139808011,0.0522924635652398,0.0266833506719069,-0.0139004678744966,-0.0197570269899813,-0.00306350055897268
CYGB,-0.0788954693321346,-0.0451803270501743,0.000704420558071191,0.0129679384908278,0.0342200783373277,0.0291148326393058,-0.0116894361442344,0.0287321804144914,-0.0734683390872503,0.0555598166123507
DAB1,-0.0299627303343602,-0.0633513935277235,-0.0124998111252604,0.0054387182125616,0.0463476520671507,-0.0181455240627249,0.0528384321431783,0.00240483211367912,0.0724744386670766,-0.0362712694738842
DBH,0.00605105579584054,0.0522203915621922,0.0255551264725126,0.00129963645357065,-0.00370775298709907,-0.0606399916190078,-0.0914165910322194,0.0627374948926099,-0.029355021748218,-0.00844141355014698
DCAF13,-0.0215339442296844,-0.0260342011543762,-0.103877880146844,0.0387588909188437,-0.0650857060299118,0.0121345846171048,-0.0137026479657254,-0.0270749918716558,0.0309040975396963,-0.0200222729429394
DDX5,0.0869962404185908,0.0138708791279378,0.037417576946983,0.0161547488601333,-0.00550425676648196,-0.0209890273113887,-0.0276583603909263,-0.0300002955086425,-0.00675019763070785,0.0335615503570909
DDX50,-0.00175609899667538,0.00128879205067536,0.00572666274900461,0.123260781500846,-0.0116013250227044,-0.0327638769026972,-0.0291059306824742,0.0839153437769319,-0.0213640672991041,-0.0334333652491211
DEF8,-0.0729401747238164,0.0210918270475195,0.0486374138049865,-0.047967809395838,0.0125518694280127,-0.0183015739778631,0.0401454279232009,0.0363015080678642,-0.0135600748265191,-0.0239894673852247
DKK2,-0.00526712034212751,-0.0512328550819111,0.0668802346367358,-0.032091593527006,0.0111306493182797,-0.0162193781936484,-0.00388803956212176,0.00701013481947586,0.00899326398771111,-0.0618165938670273
DLG4,-0.0503875112053386,-0.00851154740770081,-0.045921768824616,-0.023306626977439,0.0513973493305403,0.0292292128636643,0.0444172981411523,0.0846181091041403,0.0665144841792784,-0.0350695895407344
DNAJA2,0.0590244067879814,-0.0643344531487436,-0.0673073070843329,-0.0182859744671157,0.0442787656529452,-0.057181387609505,-0.040855759554836,-0.0110565936989152,0.0159008695349052,0.0117702062968311
DNAJB12,0.0411466813365657,-0.0435854254566802,-0.039547509991565,0.0221303537564072,0.0517450337742102,0.0709539903702315,-0.00380306324448219,-0.00194313400744251,0.0137866621295426,0.0319739691535944
DNAJB14,-0.00686245243547693,0.031268120515644,0.0250734698447696,0.100099705593369,0.0163381351633795,-0.0478255847158666,0.124125158422199,-0.0075564709061914,0.0139484684294702,0.0323715315262035
DNAJC7,-0.00734610463868634,-0.0114376025823041,-0.0990527622867896,0.00127793681180245,-0.0147876116030455,0.0389402355228799,-0.00917322454865768,0.099115869659184,0.043408017642666,-0.0432598098288342
DNTTIP2,-0.0235911631516649,-0.0148338491821964,-0.00363463571730929,-0.020865973235825,0.0141932296157937,-0.0239214467193549,0.0940653461479345,0.00479539956678517,0.0802425005110102,0.0284515602101353
DOCK4,-0.0769511142491134,0.000782758297227598,-0.0147562876234404,-0.00623850020396916,-0.0409962751064272,-0.0981210404671227,0.0276001748126873,0.00528533183644505,-0.0352426075547768,0.00748936230509559
DPH2,-0.0461132759338228,-0.044030333652412,0.0496916388385522,-0.014936123691565,-0.0219846908800029,-0.0209773575303371,-0.0498365105332644,-0.0367322912077169,0.0241217107530389,0.0860131152404725
DPYSL2,0.00880094063009551,-0.0464232190065789,0.050707341966628,-0.105423883865546,0.051752315343997,0.0527026347818756,0.0342878286811318,-0.0134279159298978,-0.0181203087091038,-0.0320082021296468
DRP2,-0.0314213043920118,0.0166469112517485,-0.0237969562142191,0.0356050689213121,-0.0140582525042873,-0.0331138808480221,-0.018143665456158,-0.0115981663024979,0.0583165131144706,-0.0945674985599321
DUSP6,-0.0621627027431565,0.089119286360735,-0.0184939171442017,-0.0354237098714169,0.0106813878442648,0.000322674543733841,-0.00858597461620966,-0.0304019387524617,0.0271656171768694,0.00129787415118808
DYNC1LI1,-0.0233993759651347,-0.0433308292295721,-0.0040457743511026,0.0721897471449165,-0.0986730684403701,-0.017035720268589,-0.0108016047985211,0.00203501354408977,-0.0850556986379911,-0.0107165860889
E2F4,0.00437618190479905,0.075437293557364,0.0526023196573774,-0.065631464170548,-0.0664624616937276,-0.0657994171634842,-0.0500983026848732,-0.00304587571457925,0.0441157242494169,0.0164486820230207
EAF1,0.0110906135611822,-0.00711331261527625,0.0404316639768448,-0.0674296253369058,0.00471871078175315,0.0110825194675541,0.075303606074598,0.0286605765346744,0.043115000282515,0.0783518215834677
EDA2R,-0.0330148111213153,-0.000922015407781167,0.0185705739658584,0.0378725023113677,-0.0335167978976862,0.0523818265265235,-0.0057167495647317,-0.0248528805669732,0.0612617878552076,0.00844587380964086
EFCC1,0.0300551687326139,0.0119254464855068,-0.00964671338592759,-0.0584643433424601,0.0170057449044885,0.0382937771135676,0.0790843497455974,-0.0395806434331403,0.0465877198752497,-0.0244868255256423
EFNA4,-0.0259125552245819,0.0462647501333982,0.0621156618011747,-0.0326696919130109,-0.03483013979375,-0.0461264156335626,0.0193621855522998,-0.0480586849539255,0.0355014840561109,0.0337003197690755
EHF,0.063081786444081,0.0775930710089496,0.00732674352008785,0.0448033156703452,-0.0188429960500417,0.0291497488724611,0.00678670037186625,-0.024436852848961,-0.0217179357360239,0.00921896177512733
EIF4G3,0.0705934421027196,-0.0487614239699553,0.0306412457210965,0.0189272709688776,0.0587945392027326,-0.0169696910992435,0.0713207023183583,-0.0417168829724326,-0.0211653466880271,0.0581369843752733
ELP4,-0.0019204347999422,-0.03209776158997,0.0154039949580528,-0.00119242140207494,0.021637155824909,-0.0653572449855686,0.0320584743441254,-0.0188798677197952,0.0757191629156835,-0.0030076301843666
ENDOV,-0.00230217964067151,-0.0338548240995749,0.104180485948824,-0.0390316731259731,-0.0480954282119123,-0.06118550941291,0.0155580131767295,0.0863550863981003,-0.0429633358010555,0.045208809011553
ENHO,0.00392409849503483,-0.00408487799411864,-0.00468935759138622,0.0294760749894987,0.0614576572652533,0.0100210827120876,-0.0861608036648479,0.045449003921037,0.0462000405252291,-0.00790684149372923
EPHB3,0.00458264791432964,0.0439346554576222,0.0823670195800973,0.0178756202097627,-0.0181078011756179,0.0689255594821817,0.0339345482734146,-0.09277875821561,0.0240991834311133,-0.079422108978804
EPHB4,-0.0208704135090638,0.0959114579933363,0.0467767377913541,0.00704367889368184,0.0124935385057844,0.093426771998442,0.0200064258277266,0.0278925592011808,-0.038659022048029,-0.0201476741772067
EPN1,-0.013640202358428,0.0176946789896396,0.0229343896831489,-0.0834656932061483,0.0447886502436344,0.103653644788846,-0.0728609596242367,0.0298878552723474,-0.046016590498826,-0.00633570402183582
EPOR,-0.0651959162342541,-0.0542207165559243,-0.000362789061111623,-0.0378422781386976,-0.0656223012489174,-0.05272879527968,-0.00340272298483079,-0.009630574851708,0.0322247043799717,0.0470936794189427
EPS8L2,0.0876415371179088,-0.0147170141515718,0.0230625759759268,-0.0258651767053677,0.0369494834237977,0.0544104632899519,0.000987060193718846,0.00510977296512424,0.000299193148052291,-0.0424014650031656
ERGIC1,-0.00112745366060722,0.0424767282561057,-0.0281657281701848,-0.0544750648961562,0.0313589239277007,-0.0210380272900725,0.08330065252993,-0.0551170690228352,-0.00538060979077146,0.0104695565048166
ESR1,-0.0315653252978747,0.000831792546957038,-0.0197351786234463,-0.0635168956463022,0.0279430280941664,-0.0704967946396215,0.0276683482902941,-0.0267352120898256,0.0816739548050636,-0.0436718776012586
ETFB,0.0473108594867072,0.0104687781338248,0.00776019177321212,-0.0470240779384968,0.0178290788842446,-0.0126699622128113,-0.083845453881562,0.0640548902216087,-0.00613714853776763,-0.0282935047298083
EVX1,-0.0278100785218497,-0.00178699047966437,0.0860456409693029,-0.0368928936078838,0.0150427594615348,0.0301019721620172,-0.00490442911535308,-0.0494926126904626,0.0463440883219119,0.0707597645422059
EXTL1,-0.0181443556927357,0.0313747324431324,0.0925865868805403,-0.0274771245562756,0.00478319293307184,-0.0186777604742163,0.00720169807272276,0.0898729895592221,0.00382347165651919,-0.00904488898989587
FAM110A,0.0404875930322863,0.0249158172736102,-0.0867440770484252,0.014817713691665,0.00980029347375031,0.0364599147443136,0.0151077570795353,-0.00908160379574896,0.0733973557165056,0.0139014399954709
FAM110C,0.0118475513933051,-0.0581075108721994,0.0149912461557315,0.0567099683610581,0.0145233219743065,-0.0579576092322258,-0.02077759661106,0.0154226118244377,-0.0569659793600305,0.0808759042537011
FAM149B1,0.0545002251915605,-0.0247047918718224,-0.0243171392639415,-0.0144287745007851,-0.0191293171071697,-0.0186509200723922,0.037972040557657,0.0365813606053006,-0.00794530218200485,-0.0191937301222244
FAM214B,-0.0422866091230224,0.0726661459067298,-0.00407248642271441,-0.0785824509378526,0.0670579689784733,0.0101020236486822,-0.00665723770030248,-0.0443429886591219,-0.0262082515836286,0.0312622968283045
FAM45A,0.005643589475667,-0.00358309940271563,0.00920325971360084,-0.0464301850495009,-0.0357236519320009,-0.0529383055892417,0.00600083608044004,-0.0579760572584239,0.125563468453786,0.0365938210688685
FARS2,-0.000378655256870612,-0.0202507692217587,-0.00679478735818202,0.0589042381329652,-0.0456146106305064,0.057301998676864,-0.0920033740582696,-0.088510831636753,0.0200369260410711,0.120839579917831
FASN,-0.033890232964519,0.0737500889342251,0.0716048255473942,-0.0193789045398843,-0.0163619528625891,0.0241238009142785,-0.0749693225287485,-0.0639552402451166,-0.0149701995881607,-0.000182116490908047
FBF1,-0.0072018506715592,-0.0274550288746233,0.0305118728735835,-0.110993403014921,-0.045944917574223,0.0644235983528392,0.0136641065029898,0.0310702056342952,0.0189227612988945,0.0281597916435917
FBXO28,0.0481652345302976,0.0277638514870961,-0.0218837704885714,0.0159016056660113,-0.0362492418118751,-0.0390416869078571,0.101855395846601,0.0040686265614564,-0.0408309039687879,-0.0167874987760988
FBXO34,-0.0845053440734509,-0.058744735267521,-0.0147590778699556,0.0189747535810143,0.0298792525187889,0.00600075041626786,-0.00828859470596346,-0.0118804482681505,-0.0221991472340342,0.0473129034185338
FBXO9,0.0016792781831419,0.0153195602401333,0.0423026879789416,0.0588754792796799,-0.0402239561413866,-0.047126057829293,-0.0121946426258298,-0.0739673054595213,0.00131185681661142,-0.106220744762653
FBXW2,0.0430226699055808,-0.0994285888499679,-0.0105027520255847,0.00338541071980378,-0.00913672665056356,0.0765080889670409,0.0259507391458456,-0.012025118168191,-0.0229587237815949,-0.016794540489594
FBXW5,-0.0493249066882452,0.0242612392040491,-0.0344237332267229,-0.0449242423752285,0.0158265521391147,-0.0286362037807207,0.117295812452784,0.0131078387509821,-0.00868839968063602,-0.020894327003508
FERMT1,-0.011792000491426,0.0823035521972831,-0.0696490816875572,-0.00590695063912992,-0.0470564902932884,-0.0413519774259703,0.00603241581687949,0.0551625276090623,0.0781902150241432,-0.00845148940648505
FGFR1OP2,-0.0526846344686504,-0.0758923641748391,-0.0298860687318651,0.0131148216406008,-0.0409285489976019,-0.0145154072761103,-0.0291029049270243,-0.0167995772868089,0.0769318246983679,0.0139370087263414
FLT3,0.0343289905749314,-0.0608151364324392,0.00737244579099082,-0.0412817894367256,-0.0544894313476972,-0.0943545989771095,-0.00406386857993435,-0.015614873654415,0.0307046571929262,0.0641187783554539
FN3KRP,-0.0295962638733143,0.0484423424490375,0.015192320535937,-0.0427034311988962,-0.0610459251743802,-0.0660370970562126,0.0124648788728605,0.0372913620729016,0.0250473932635027,-0.0472781257482274
FNBP4,-0.0657347391251497,-0.00607083424549803,0.0285543627669762,0.0435849866737688,0.0569422737872494,0.0262717663146876,-0.00896114755177683,0.0249577006008962,-0.0161268645231806,-0.0274963652432001
FOCAD,-0.0485734169733258,0.0479190350415069,0.023680817023743,0.00761607477957083,0.00176153712646526,-0.0128506515790127,-0.0510719300156058,0.0163451323934656,-0.0320398902521572,0.0620277933199939
FOXJ2,-0.0653188153485383,0.00913637454696645,0.0504030957851511,0.0415811266071884,-0.0166567331071537,-0.0362618874778072,-0.0161750084457681,0.0124779856609595,0.00981108979184698,0.0992199393725639
FOXL1,-0.00266935495804122,0.0188961308072768,-0.0618102946078482,0.0564468383940486,-0.0359775482244939,0.0566128392667046,-0.0253444623066896,-0.0172005750348993,0.0617325911959318,-0.0316383500982498
FPGT,-0.0169541800557754,-0.0586304428015973,0.0407631896780504,0.0218101399197136,-0.0410441966648783,0.0384558972143957,0.0740330696392064,-0.0102257355813585,-0.0620928894630646,0.0459142524136197
GATC,0.0340439455049276,0.0212669704476063,0.033517746642841,0.0188288109150497,0.032014810695326,0.0551228104468011,-0.0215384387142409,0.159966590647925,0.0074296611575879,0.00213919424380889
GGA1,-0.0136130728738736,0.0826550486068053,0.0765815441407958,0.0229088242304603,0.0461496929277881,-0.00029283546112071,-0.0821418873344474,0.0202443967210612,0.0222707238095725,0.023132191689406
GGT1,-0.0249604664445568,-0.0327161973120116,0.00663966998318797,-0.0169635295078179,-0.0435000286834202,-0.0321900996778661,0.0381900763303003,-0.0155401870720657,0.101546298391199,0.107065074141597
GLB1L2,-0.0488119838223114,0.0781177911640824,-0.0132398842519835,-0.0346072167786136,0.0335366831025303,-0.0366531109899957,0.0524091464632866,-0.0523495405959575,0.0157686406339297,0.0152978921293677
GLT8D2,-0.0744177752386145,-0.0583859623569144,0.0132011856359857,0.0348220888820587,0.00434035244499212,-0.0105381749571216,0.0285231596426399,0.00836214906918343,-0.0744056477884373,0.0578493888367939
GLYR1,-0.0394506685187687,-0.00556848861167402,0.0228243162487486,-0.0690334509897474,-0.0259606598994666,0.0313881673002471,-0.109315459039808,0.0356453146965628,-0.0190454379202861,-0.0165264481046211
GMEB2,0.00444438978314665,0.0458781963360987,0.0958188826288552,-0.0246463612160271,0.0972790776247241,0.0300490934119465,0.0205877852683701,0.010831885870419,0.0509641896965973,-0.0221502052619502
GMFB,0.083677726890605,-0.0392248281542261,0.0304383705663745,0.02730095390297,0.0264597757807102,-0.0503626092062686,-0.041951940672229,0.00500720747038893,-0.0015019254528803,0.0446447407802313
GOLGA1,0.0343380368584604,-0.0133392131176548,0.0501382167411856,-0.0105048201727632,-0.0747361173474309,0.0139389358894809,-0.0780958468797131,-0.0341060665313397,-0.0300501689355556,0.0491560049704955
GOSR1,0.0201224472937314,0.104493113024692,-0.0156546899503009,0.0548940899865347,0.0200068281086959,0.0221178234671902,0.0581186375338336,-0.0562477873011011,-0.0142697587733135,-0.0150863266051163
GOSR2,0.022423623409482,-0.0192414442871315,0.0108728771070499,-0.0760012410615311,-0.0491862083661619,0.0716289953989207,0.0136176928849442,-0.111032837370948,-0.0260232588908834,-0.00709191115068014
GPCPD1,-0.0620942635112372,0.0520144794757524,-0.0105298050041285,-0.0232914456873921,-0.0379269168655215,-0.0660211123584053,0.0343361601194735,0.0423882319750138,0.0083325623971924,-0.0218557690599551
GPNMB,-0.0837805548705011,-0.0414006652035903,0.0163414694561275,0.021220770231538,-0.0410362196564261,-0.0203501614308225,-0.0074476919306712,0.00522431255977884,-0.0201138856548078,0.0546648889909913
GPR183,-0.000169373843720452,0.0309259626719942,0.0304763061706523,0.0291639106790359,-0.0403053465396467,0.0210091898667229,-0.0364644921132005,-0.000585185304088191,-0.0167874461261725,0.0253176642353002
GPSM2,-0.0147503870956416,0.0361115534347079,-0.0163330563381028,0.0444005431414962,-0.0655248729877603,-0.0387791706333399,-0.00937901472323378,-0.0170556476927151,0.0330896456009428,-0.0337878924657792
GRIP2,-0.0608621561322339,-0.0156701622699787,-0.0324977104931595,0.0622333040731287,0.0287574196167193,0.00159856339309828,0.0140582688851939,0.0315588205841137,-0.0231346682486137,0.0681775116032701
GSG1,0.00181926860987384,-0.0228618326411228,-0.0371894882038217,-0.0531187342095645,-0.0327602827455841,-0.0132403272981037,0.00384289481769179,-0.0543805112180159,-0.000162003798369614,0.0206163489283915
GSK3A,0.0361262904859845,-0.0258252949561992,0.0578500803033248,-0.0784979146719682,0.0537769803926125,-0.0737097442921327,0.0454008351944726,-0.0612431561165501,0.0356979489841271,-0.00522771044561651
GSTO1,-0.0621279400253923,0.0354321594639592,-0.068570012849245,0.0273865799623031,-0.0122110463597065,0.0484519054140027,-0.00972064944329663,-0.0419663607288918,0.0186143637205001,0.0727288096938619
GTF2F1,0.042879944261498,-0.056471134889418,-0.00714829988697664,-0.0171325881708857,0.00226680231176834,0.116605346019006,-0.0293427886803773,-0.0262390318230697,0.00171060083504395,-0.118041116989424
GTF2H1,0.0227876428702076,0.0147447539485436,0.00456903924028037,0.0268287981445938,0.00351291100094387,-0.0123087858855901,0.0564609380392263,0.121541831595684,0.100646867433879,-0.0276502083138374
HAS1,-0.0514416060484732,-0.0350204612806086,0.0116422533601724,-0.0166298172631315,-0.0435519237310407,0.0107368392959209,0.0682675750353478,0.0377994423971509,-0.0530547456470332,-0.0426275725975288
HAUS2,-0.0285233456676298,0.0603504647946356,0.0744297412600933,-0.0121854015509567,0.0344942902055564,-0.0358108259139141,0.0994766657245127,0.0128001612898993,0.0814960258954299,-0.0417466382331075
HCFC2,0.0130820687590487,-0.0374740587385603,0.0415657877549713,0.0751944397017702,-0.0115439755374641,-0.012612307694794,0.0786991190747644,-0.00481879776858095,-0.044193887004416,0.0229941428099123
HEG1,-0.0911068880380623,-0.0114095618921619,-0.002668702381289,0.0386161273499681,0.0204227645300183,-0.0257825617479572,0.0244824830271293,0.0105159464404402,-0.0212699380843979,0.00281159332047334
HGS,0.00263860366181662,3.56677220661528e-05,0.0364778687712633,-0.0904464455271135,0.0995520942064039,0.0584551908036621,-0.0620999830915148,-0.0415153197059477,-0.0218988222687408,-0.0404017785612256
HIC1,-0.0573148286638155,-0.0366998299206113,0.0323818112655666,-0.00989741231592622,0.0692253316706334,0.0877700890497392,-0.0540340977913243,0.0114798738125869,-0.0167573533012422,0.00517157948174815
HIVEP3,0.025283211523012,-0.0497288920518237,-0.0344016036311354,0.00138527690007687,0.0335555891886057,0.0250636668293221,0.0851491213355213,0.0623457238971816,0.0485437586166777,0.0204764047449629
HOXA11,-0.0161319954615106,0.0178413518086587,0.022317849277887,-0.0496502611201206,-0.0174801009302206,0.0348563306371214,0.0440805900088329,0.0783372397319,-0.0999980256600434,0.112362982865549
HPGDS,-0.00785798419766795,-0.0163879146977026,0.0277723970188233,-0.0498330830304856,-0.0242541009287489,0.0473939988066218,-0.0306633134809693,0.0280411598871738,-0.0419118368662123,-0.0807714120773272
HS1BP3,0.0109992832739391,0.0384182792665058,0.0762400708414583,-0.0284053009861279,-0.0105083216174214,0.015633190164861,0.0126477823072944,0.129289453639437,-0.0897428465461415,0.0343333138194147
HSPA12B,-0.0735307146994352,-0.035597497496081,0.0279056422121134,-0.0231613631808834,-0.0238474001922977,-0.00657337591249317,0.0062476194411674,0.0300560586154085,0.0446973243239503,-0.026438353619739
HSPG2,-0.0452152528093912,0.0652524602714797,0.0554471496404874,-0.0247454278154698,0.077337019781963,0.0304130997701248,0.0150615285442993,0.00769448434246801,-0.0644516009443053,0.00968025247395953
HTRA1,0.0865037779726078,-0.00054900261983282,0.0400683387075271,0.017339321797523,0.0114310493662512,0.0187815535884887,-0.060810543210532,-0.00725113597533147,-0.0161008507348422,0.0213397343603418
IFNLR1,0.0366000777013296,-0.0265770611382126,0.0827499023583459,0.00639583994754812,0.0369993675717252,-0.0126616788700157,-0.082277834847895,-0.0846146885584054,0.0472056459644467,0.0427405481209678
IGF1R,0.00365557411237048,-0.0399646974836137,0.100713482805965,0.072984037894981,-0.0601262669706684,0.0619518018976489,0.0558434823193353,0.0193947390207541,-0.012696814025043,-0.00538670962624125
IGSF1,-0.0437793641351772,-0.0110532861649715,0.0477976375642535,-0.0546256406539828,-0.0227131928347232,-0.0106631029545241,-0.0224344735036558,0.107670326418299,-0.0247406671495966,-0.0442704887822509
IGSF21,0.0399087258506452,-0.0556230277577621,-0.0144891779585396,0.00722029637528219,0.0395344424557743,0.0135559119694377,-0.0711911076739449,0.016336464969144,0.0549243500053023,-0.0386478883552927
IGSF9B,-0.0300327800441675,0.0114314522392622,0.0193239350998927,-0.056958428118541,0.0132982387096219,-0.0390563908503366,0.0880891919117991,-0.0868560995773385,-0.0156140528842088,0.0331833138926832
IKZF4,-0.0525322218320215,-0.0209849735465956,0.0724503905814495,-0.0429969130547507,-0.0253895237695589,-0.0818616655798963,-0.0137185411386487,0.0329213825894607,-0.00688831336438946,-0.0695735145633878
IL17RE,0.00982149456754545,0.00647684158494545,0.0572861935168731,-0.0548278165587948,-0.0122542323563209,-0.0150777087709057,-0.046973166976443,-0.0423065370124877,0.0634650804958872,0.0271949370861439
ILVBL,0.0352189129960099,0.0396217521970762,0.0924334973614865,0.00443714711949205,0.00555896512061402,0.0543912680181684,-0.0783291983137889,-0.00318833855790392,-0.0461462645821172,0.0656570733004117
IMPACT,0.0100203190594484,-0.0533478053595784,0.0216259452634942,0.00104356492222283,-0.128679233037517,0.0460514120739133,0.00414558818004433,0.0266445511804576,-0.107393284209437,-0.019019494272032
INPP5A,0.0823121551601389,0.00905492056002352,0.00728067070220589,-0.0220114346372342,0.0359078792952848,-0.0536997941714515,-0.0211338508935122,-0.0274512674989318,-0.0203782084251649,0.00372263116017623
INTS12,-0.0237489655205563,-0.0626705928521159,0.004203057567523,-0.0291388380159965,0.0266899803274027,0.0667890940840445,0.011540941941723,0.0247005037144919,0.0585140175867665,0.0567337387480266
IP6K3,0.00624611336597885,0.0353165800945431,0.0912156604621334,-0.00724163108693172,-0.0245219549678932,0.0593852104729859,0.0145583245586222,0.00319756267380251,0.0133843342895813,0.0148261711535059
IPO13,0.0376139273876993,-0.039217113626457,0.0191417024891318,0.0378121583803203,-0.0826304686658292,0.0669184653329544,0.0515614158332363,-0.0642407600807685,-0.000558606211467576,0.00197672694579651
IRF2BP2,0.00292480844367211,0.0480302168922084,0.085426556433732,0.0660653394686132,-0.0388760933692588,0.0314984107728289,0.102976469903639,-0.051016612185518,0.0298527078189466,-0.0135322008205998
IRF4,-0.0888250457004693,-0.0452178981875184,-0.0239392448346627,-0.00911911934116287,0.0195141616569054,-0.00917212636096503,-0.000220439431723038,0.0211518389762518,-0.00153880390990049,0.0171578479540412
ITGAV,-0.0617039222732218,-0.0530638098621459,-0.043498139042257,0.00548474835265432,0.0611776411705983,-0.0442828600881059,-0.0184974399006247,-0.00499127114497372,0.0410076163705065,0.0121153077778542
ITPK1,0.0277623798712819,0.0393135026070573,-0.0768199517381733,-0.0533051750435049,0.03249276596627,0.0960499414347561,0.00458828214323988,0.0420848657252669,0.0270545800079687,0.0308248769284294
KCNB1,-0.0318986420699879,0.0414609773420137,0.0615537074974382,-0.0743726129842637,-0.0360950940224425,-0.00994622969127413,-0.0638172779029092,-0.0104996395773568,0.0502037549648433,0.0721655611410622
KCNC3,-0.00482372050171391,0.0104744429320208,0.0360292924427776,-0.0109415303626368,-0.112252731335601,-0.0054499360017684,-0.0610793632623786,-0.00307737597788204,0.0494089582559587,-0.0132461357193553
KCNMA1,0.00882042601154782,0.0119035437912884,0.0672261608829307,0.0921230906175289,-0.0307581255421205,-0.0302060874996809,-0.0034515464251603,-0.0169210441686583,0.0491838194852096,-0.0401709352483221
KCNMB4,-0.0374650912754204,0.00360726914340548,-0.013726755639295,-0.103644188032868,-0.0340503282362718,-0.0478917999021556,-0.00425667961394383,0.0675496223127642,0.00790415344555554,-0.00620997026279744
KCNQ5,-0.0569993187997785,-0.0278780368925818,0.0314553572572611,-0.00492371832091861,0.0249256180939831,0.00653509727738862,0.0459068395053246,0.0557553801139975,0.0945681623464583,0.0410034001538574
KCTD12,-0.0149980370215322,-0.0277936107439804,0.0331668895934636,0.057841968410836,-0.0952843150020236,0.0992351386589586,0.0528853540560411,-0.0784947192586027,-0.000110222945996,-0.0105337757000687
KCTD5,0.0359066455068766,0.0598621112830946,-0.018433177483122,-0.0514689839820779,0.0514403902754731,-0.053742691111803,-0.0736054065557303,-0.0986792755914228,-0.0336873635765546,-0.0403859111955795
KDM3A,0.00346227316148232,0.0562170128583883,0.0656602108770011,-0.0345111821585107,-0.0351496399446551,0.01296745303298,-0.0566261449815351,-0.0330956532301573,-0.0907458294121414,-0.0410021974550422
KIAA0040,-0.0710483044332438,-0.0333099243522404,-0.0308527189748586,-0.0342436300152806,0.0563189711672356,0.0634673298934437,-0.039070412368741,-0.0332507512389357,0.0252038152570452,0.024079369982767
KIAA0232,0.0163245610181202,0.0669686127085428,0.0270630933976494,0.0358366051752218,-0.00491265151695325,-0.0519406213274063,0.00408106008707636,0.0918098550385236,0.0326437892059551,-0.0655869837513732
KIAA1755,0.0254758936479518,-0.0133341869488386,0.035213314094967,-0.079789005957993,-0.0292899514866896,0.026604550678105,-0.0100253381607157,0.00436013349665063,-0.0209108726529345,-0.00415435326659847
KLF6,0.0361443085464149,0.00177877098938262,-0.0615078386523474,-0.0176789632614831,-0.0533266280195029,-0.0439174033523211,-0.0129195326708761,-0.0291843266621011,0.0346063651831052,-0.0503131610024723
KLHL20,-0.0250056666411986,-0.0237868423222728,0.0172135126245586,0.0514891954546971,-0.108077042297722,-0.0625970266529844,0.0442448367625078,0.0256384074377849,-0.0730160047961621,-0.0510278783546615
KLHL25,-0.0543533207104346,-0.00299715106090296,0.0117133196302181,-0.0440592443083014,0.019212053148558,0.0364404185701228,-0.0761475316679109,-0.053523790126993,-0.00865077594170249,-0.0769430375753951
KRAS,0.00865523982351031,0.107917139510294,0.054848566494538,0.0489401359835232,0.0278464488897431,-0.0380477955681785,0.0277369368951635,-0.00777595524449857,0.00802544187703287,0.00396733752093396
LACTB2,-0.0172400838567749,0.0641837791984626,-0.080491439967207,-0.0446884680293317,-0.0628959427028403,-0.0287455804346439,0.0163520666057183,0.0219607528035763,-0.0329167937224999,-0.014106544572792
LANCL2,0.0426118861378524,-0.00683288352033133,-0.0484189763568246,0.00805309640319207,0.0671633180865385,-0.0107799291686803,-0.0227238657936274,0.0393723016452271,0.084885443946432,-0.0274394050223087
LANCL3,-0.0559435057644221,0.0102548889496938,0.0218454418072532,0.000104037073637287,0.0403741081050503,-0.0352095337206041,-0.0138080817868734,0.0388397158659418,0.00541118015538912,-0.0116417558912911
LAPTM4B,0.0284231026743126,-0.0184973910378345,-0.0379193420021732,-0.0157145044444705,-0.0148668286705053,0.0846271956927775,0.0299549316003025,-0.0180876843487523,-0.0441301865025105,0.16369248081196
LETM1,0.088830297294131,-0.0304716563197286,-0.010674938326363,-0.0130253285148737,0.028708828821502,-0.061203986876515,0.0117619306690473,-0.00733086842700039,-0.0292328176801105,0.00901834343648912
LFNG,0.057755647694599,0.00843832227150852,0.0527272337155292,0.0383457740509083,-0.0115798263134669,0.046537223253815,-0.0243756521689392,0.0619326741215099,-0.0459782442301553,-0.075183262137275
LHFPL2,-0.0270215734353143,0.0300602267592015,0.0152613618149015,-0.0501896343189854,-0.0235779506274819,-0.00316760958401071,-0.0329891280887776,0.114269285938735,-0.0978521008494886,0.0722679975942699
LMLN,-0.014152624557173,0.108806969575535,0.0320767809877025,0.030964554236537,0.0105787085973388,-0.0172456068490506,0.0545757114776421,-0.017091131822216,-0.0532239833264905,-0.0328594235584083
LPCAT3,0.072769728712518,-0.0677325563578723,0.0107605428363745,0.00929398456154315,0.0182843723217541,-0.0261958571375374,-0.0581933645949229,0.0637360305389316,-0.00100219350956294,0.0424384208480817
LPL,-0.0604967880373308,0.00626535416246643,0.0246209390490706,0.0203434786189986,0.00123268583128491,-0.00511803979823905,-0.0220917622688095,0.0469880617353452,-0.119005274500087,0.0742328123163996
LTB4R2,-0.0790324752529731,-0.00847821495389391,0.010386476662983,0.00078318477103912,-0.00228063276518437,-0.0440308423386075,-0.00360683005752638,-0.000439928823368576,-0.0289164008379999,-0.0441712481746341
LTBP1,-0.0513085119405214,-0.0905562758955874,0.0285266388377571,0.0303931248325657,0.00895491206001825,-0.00304163586678906,0.00215797645763286,0.0784234031577689,-0.0623429906478131,0.00886005555801504
LTV1,-0.0708567615088774,-0.0185098961266709,-0.0082505914744116,0.0203003801475891,-0.0196590254873813,0.0581118985294939,-0.0404888671634437,-0.0224574764322813,0.0505028727149651,0.0656497220417437
MAFK,-0.0102703143396824,0.0389445832504295,0.0792309398381012,-0.027304121917566,0.0799716490380011,0.0371904496358874,0.0802427584091319,-0.0803955185563227,-0.0316053230126096,0.0144398560820418
MAP1S,-0.0132290555517742,-0.0656398941919391,-0.0137638673770233,-0.0494094071910825,-0.0325554966495796,0.116068430395123,-0.0630683537067126,-0.0223099504874406,-0.0224961133710321,0.0505894736186288
MAP2K1,-0.0743833331258902,0.0315671619759333,-0.0111256391171849,0.0282673795520548,-0.0552915708411495,-0.0130938604749584,-0.0349323467112989,-0.0543926013549205,0.0295453222108115,-0.109636768869814
MAP2K4,0.0297874371810728,0.0721290618183606,-0.0084643662930936,-0.00302145446496191,0.000542389568188759,-0.0349156795922537,-0.016831995029218,0.0505754819757167,-0.00496147413586528,0.0436770776035006
MAPKBP1,-0.0584639765318439,0.0257062540424045,-0.0020552222574863,0.0127143817127777,0.0169842870484563,0.0566521745926846,0.0176993576260506,-0.0110300428961768,0.00834959667303957,-0.000980700625302994
MB21D2,-0.0430554599009858,0.018364152428403,0.0451360796228255,-0.00348975159597586,-0.0125639820025924,-0.0366736865453208,-0.0321976193119393,0.0258038426852713,-0.090546763284509,0.0502601307217132
MCRS1,0.0481652345302976,0.0277638514870961,-0.0218837704885714,0.0159016056660113,-0.0362492418118751,-0.0390416869078571,0.101855395846601,0.0040686265614564,-0.0408309039687879,-0.0167874987760988
MCU,0.00878917028336065,-0.0295627862956163,0.00134314069527402,-0.0523526224134258,-0.0879999890052415,0.0110376883424287,-0.075510233427171,-0.0877976578296154,0.0489827480291265,-0.0241523270406303
MDM1,-0.0769618465591648,-0.0294717777325037,0.0111056690716579,0.0373713159385634,-0.0241592983586113,-0.00913619791387778,0.00863890594047297,-0.00497845671911764,0.0207147210546407,-0.0424399373342884
MDM2,-0.0718697248796533,-0.016900753355993,-0.0873149799502946,0.00948329468153736,-0.0398294711950515,0.0331536612180764,0.0172719484585539,0.0118082408755769,-0.0338878889015683,-0.0319461731778235
MED17,-0.0555629009909497,0.0119055353655321,-0.0458191632089253,0.0477100214169654,0.00855850027563375,0.0761675695599676,-0.0566122432557355,0.0365605677803594,0.00146339703387035,-0.0183187715877543
MEOX1,-0.036426092499035,-0.0137271479057463,-0.0509038051808232,-0.0655423437454024,-0.0215278167021575,-0.0461922513275405,0.108811822272772,0.00816852225372227,-0.0172862196116549,-0.0261439632798124
MFGE8,-0.049232626427832,0.0139198394038304,0.015725702864361,-0.0401030309955946,0.0260966664329857,0.0265405457804898,-0.123938265940524,0.0240198021551662,0.0256466493537775,-0.0348492960474092
MGAT5B,-0.0136874596733447,-0.02558590047439,0.0107416692402334,-0.0504213229710593,-0.0632355637300955,-0.0999338469311277,-0.00859528884684159,0.0185879155167182,-0.0538264441501148,-0.0709670986474365
MGMT,-0.000991318995074339,0.0892895894447058,0.0353544200040991,0.0281279208752272,-0.0500636897205073,0.0175624299598298,-0.0545310138326636,-0.0429817355004521,-0.0232708568909345,0.0027556621999767
MIA,-0.0262380043094665,-0.0473276130895905,0.0152315790321867,0.0171237349965838,-0.0082344184729215,0.0337916909479991,-0.00537073956361284,0.0466246298407183,-0.0154841630759063,0.0884432879897554
MMD2,-0.0522782669453798,-0.00659015627258901,-0.00299709834846181,-0.0082791868144224,-0.0570579125285942,-0.0533182910754851,-0.0155820479254103,-0.058837758588487,0.0040127458441901,0.0992973940914232
MMP15,0.0300337474692903,0.0468511873572053,0.0301663717353285,-0.0505516012886922,0.0622206321208976,0.116881779351323,0.0235584689756225,0.0466232541787736,-0.0642905838478327,0.0249205952908913
MMP19,-0.0861147497826286,-0.0452427765185568,-0.0208144313349043,-0.0187487745522421,0.0350140397372209,0.0163044982780024,-0.014493936643375,0.00769106488928847,0.0041187525954521,0.00576638286433678
MOAP1,-0.0405414467153818,-0.0113065344578223,0.0473032166880548,0.00641052776043081,-0.0450090463553039,-0.0627617364710869,0.0333641016626121,-0.00375590165267059,-0.0226354271762244,-0.0433214116010109
MOB2,-0.0409305947912242,-0.0124021794174983,0.0444855244155869,-0.0352026858371709,-0.0383642393029104,-0.0673535601427701,-0.0393040473347537,0.053039413782366,0.0204715570691232,0.014609430266135
MORC1,0.0515107148743,-0.0237749989798285,-0.0250089800097292,-0.0969404080020455,0.0777666693626059,0.0116429052289648,0.0225746314943343,0.0108034471595789,-0.0293727778680206,-0.00640190540610676
MRO,-0.0216068685003542,0.00270690394039355,0.0817032939764827,-0.0329949987479383,-0.0381218361937764,-0.0500640198373451,0.00335330291306481,0.0499437441091348,0.0373316752341192,0.122750774950948
MS4A7,-0.0729155403258036,-0.0500878863733159,-0.0224210620288467,-0.0164373967217481,-0.0231909269568397,-0.0527808112033957,0.0512314700929282,0.0137377960936647,-0.0602826222702901,0.0300089123035645
MSL3,-0.0857544002407956,-0.0586604281101027,-0.0354141482980389,0.00337496302154187,0.0280527446082625,-0.000297852780564248,0.0376231681386642,0.00519542018166829,0.00308149594381423,0.0137251557284442
MTMR14,0.0266889755854449,-0.0943825468043774,0.0198349993118312,-0.0309892167961616,-0.0111858293263354,0.0379872628249834,-0.0425239476280082,0.0327360092478796,0.0542392685409015,-0.0343716697299584
MUC2,0.0217374309046052,0.0193709269124541,-0.0138371983791635,0.0555613201143573,0.0528062721743478,-0.0811806829459482,0.0285961596043659,0.0923744361092777,0.00853294745649453,-0.0112444416196694
MYBPC3,0.00941714905455899,-0.00158168768698866,0.0135092850467823,-0.0514865537342589,-0.096656399915328,-0.102411043296728,-0.085127448255736,0.0421935080150556,0.0312056623457375,0.00524946220547206
MYCBP2,-0.0919957743972279,-0.0127852542160573,0.0222965551600064,0.0496162197463762,0.0187306509745788,-0.0144809580948009,0.0385830218449773,-0.0216561757527527,-0.01440511267604,-0.0108049248820298
MYNN,-0.0175227164778602,-0.010613930865001,-0.0109222931347041,0.0612514378928332,-0.0237505459993248,0.0272571312184775,-0.00620110148633898,0.0608840070547967,0.0764980817342787,-0.0338562141625076
MYZAP,-0.08869063962103,-0.054160670807808,0.0159880395836279,0.00528654191880555,0.0407548831045679,-0.00639053009926347,0.00226586430441291,0.0245930924927618,-0.0195445568808641,-0.00869999058059203
NAPA,0.0636982742743089,-0.0543286042544264,-0.0118073260121966,-0.0229817932829415,0.0670897649925018,-0.0286689948586229,-0.0641279497777919,-0.0420999703276758,-0.0696665837233093,0.0171464236778639
NCR1,0.0168971368773856,0.0398248470804094,0.0314297012201166,-0.0262770734581832,-0.0411128677158553,0.0340902248112883,0.0219964004692894,0.0850699043817311,-0.000140240656599178,0.0681584862698023
NDEL1,-0.0466554991333242,0.0163346924596767,-0.0587404647445077,-0.051217757081173,-0.00330920164618137,0.0147234388366834,-0.0263508209036236,-0.0442195366402231,0.0244162129741193,-0.0524601657788492
NDUFAF1,0.0127042994283606,0.0462914135072352,0.0441411497960436,-0.00838529367999409,-0.0696065900774269,0.0669000015221682,0.0442527123973049,-0.0671480578816684,0.0584709796234748,0.0493568867555846
NECAB2,0.00658984283030982,0.0740112803636122,-0.0367842963872912,0.050079973669707,0.106431396061323,0.00165720065745725,-0.00986324215695594,0.00714986785370719,0.0335951573879804,0.0524221617256119
NEIL2,0.0265669710756737,-0.0181274045563593,0.0380046730363505,-0.00477268039940631,-0.0741227459659296,0.0708610465622364,0.00336890851213018,-0.0173879237178345,0.0007904530975767,0.036469990895862
NEIL3,0.0168257723807727,-0.0694927676425366,0.00105681668761631,-0.0308651165622179,-0.010932126826621,0.00677095410791562,0.012654190205711,-0.0699130052191356,0.00884852629213149,-0.0405017298268973
NEPRO,-0.0653596864360655,0.0171018886709253,0.0617802245951234,0.0568529642719728,0.0278336953708636,-0.0276175640806379,0.0608043630547447,0.0215449514368971,0.00290996567367874,0.0278120580455689
NEURL4,-0.0737271494456897,-0.037817522272809,-0.00545734900070431,0.0517165584772661,0.0151525659970627,-0.0583948159103706,0.0353815011513615,-0.00159307120734301,0.0110431113865079,0.00240131240670012
NFATC2,-0.0856178430295647,-0.0309641199545,0.0172660964164767,0.0223363738750297,0.0392664757111037,0.0368656686066496,-0.00056476516347862,-0.0361671747076194,0.0535195365820734,0.00735242050445069
NFIB,-0.0113356996697817,0.111163965659531,0.0159628123034973,0.0375420347732053,-0.0150979210001848,-0.0112738897049245,-0.0255340815135524,0.0476022896061932,-0.0671812757997337,-0.0119584719066483
NFIX,-0.0227931301936878,0.0447936085807455,0.0898885456348265,-0.0544820324629106,-0.0397395282232481,0.0892485952798225,-0.0472302130372268,-0.0138005619785111,0.00729584994015229,-0.0318365123697813
NIFK,-0.0479422682389033,0.0504789909066345,-0.0724072898546657,0.0363860113365968,0.0193849366673738,0.0794961696882677,0.000954481034468674,-0.0318444452064933,0.0239392996383538,-0.00506998847112507
NKIRAS2,-0.0148501930938956,0.0444698317744991,0.0313822192125464,0.00471988934019093,0.0572410907856811,0.0925506492175118,-0.0795501388055464,0.0380671046894403,0.0105356494776957,-0.00882079408407462
NMD3,-0.0291714624713627,0.103330320867019,-0.00864938141770482,0.0422013925732984,-0.0275339900838747,-0.0105093392234899,0.0553040621088987,0.00211149553072789,0.0219204785553788,0.0654899961670193
NOVA2,0.0469374351409646,-0.0188510115812627,0.0404107798291979,-0.0303142017061486,0.00841637938631035,-0.00526927409568096,-0.00318877551663227,0.0262722002093355,-0.0278260618908366,-0.05833258807857
NPAS2,0.055899462336066,-0.00839942601742833,-0.0652393422885146,-0.0353788341417819,0.0284514836500158,0.0331204912648332,0.0799917744811245,0.0174041665747379,-0.0407752204186574,-0.00725171991835977
NPEPL1,0.0451975240652761,-0.0722949922128473,0.0376529112166929,-0.0540874698798147,0.0182496024866953,-0.019541422784352,0.0605506741832852,-0.0496879426191192,0.0100980144567864,0.0211782255467791
NRN1,0.0301450934900119,-0.0337885991917426,0.0214385080060517,-0.0113234936016276,-0.0122705888190457,-0.0278548498021983,0.106663501206666,-0.0592548931106798,-0.101815598557668,0.0160571707755894
NSG1,-0.0511918006673882,0.00725115126054304,0.0144866584487536,-0.0353765426190968,-0.070309989661714,-0.0181411676610925,-0.0722917971146504,-0.0308519987300596,0.0491142270638465,0.0654549178439832
NSUN3,0.0692793377039124,-0.00365468711890813,0.0137460357003998,0.0430097556513598,-0.00403837849631266,-0.102052024241113,-0.00687759582386648,0.0759346461051913,-0.00192396621164496,-0.00782315392860231
NUP214,-0.0388594575716892,-0.00182391120417716,0.0541078566224388,-0.00949984597863817,0.0495067571678829,0.00691991681826237,-0.0461447858774724,-0.0666581069329546,-0.0223315257400124,0.0445037176840982
NXPH3,-0.00826946257607688,0.00799013591025156,-0.0011280094165615,-0.0591099913824539,-0.0532392306136357,-0.0793629913832733,-0.00822740006714694,0.0320198709986061,0.0356636184872367,0.0720946155753485
OPCML,-0.0160273366406403,-0.00099005154445662,0.027885579225239,-0.0840655902703325,-0.0334492958092993,-0.0482231326276482,-0.057631316602461,0.0207146694040024,0.113001136060003,0.0378735838481092
P2RY14,0.00089557432842892,0.0877456231696415,-0.0675150868491825,-0.0166642328779705,0.0334999496387024,0.0469181135078115,0.0102553626127612,0.0198387174136517,0.0157352549150658,-0.00991724532674512
P2RY6,-0.0721747871937563,-0.0616920475474505,0.00658696924462115,0.0229648483540543,0.0147755772200968,0.010852216965707,-0.000803433211565624,0.0192740667105264,-0.0706396505519663,0.0763683829756904
PAIP1,0.0807105507860805,-0.0153491120046661,0.0526404735208856,0.0510728404050379,-0.0332599118039911,0.0547119057981095,0.0167870874316646,0.0035579089869787,0.0252814247276712,0.00559603442332069
PAPSS2,0.0878347055855454,0.0318340604747686,0.035974753524622,-0.000337582964842636,0.0368671741352858,-0.0347890631711179,0.000691790291634856,0.00878769440501497,-0.016687543616912,0.0369516082773353
PARD6B,0.068815002516413,-0.0511881749732182,-0.0119407654259129,-0.0633236297955042,-0.0554761565157635,0.0402454114776911,0.0371099045494296,-0.029406009549433,0.0118641986342927,-0.0142810625804746
PARP1,0.0176945473247329,-0.0106768100780937,0.000281732527571873,-0.0362880193507304,-0.0480826956838633,-0.0423136923090655,-0.0595156623943208,0.028588054451761,-0.00385580091069295,-0.0653959158356128
PARP4,-0.0720049093230518,-0.00715882177647676,0.0498445056892971,0.0691837058953638,-0.0138045788049064,-0.0144608321692685,0.0132204987968611,-0.0292214269270246,-0.0302232323893553,-0.00574446113943198
PCDHB2,-0.02739702890441,0.0622989332386436,-0.0618323295385379,-0.0507464721497085,0.00440826940394688,0.00761306091591299,0.0465417745877536,-0.0055305664164595,-0.0406062552639996,0.0303262478228864
PCYOX1L,-0.0126981780775485,0.00482210965950116,-0.0350999814039561,-0.0375090875644128,0.0549740972367868,0.0574980586474826,-0.00261913571251073,0.10431546391184,-0.0583574483165328,0.0289638935381445
PDHX,0.00761101766831426,-0.000558563063713941,0.0357398454850382,0.0201159605562749,-0.0622408168714189,0.0694024557285833,0.0620030540112744,-0.0271980226605931,0.0258812064550059,-0.0596469179337476
PHF13,0.0449157251396639,-0.065549298213691,0.0495511945804287,0.0270201657402454,0.0265941081222038,0.0845213657345619,0.032539200598449,-0.104986434593297,0.0138016557277518,0.0236678044111517
PIANP,0.0151419123972315,-0.00334694425968337,0.0693689498046248,-0.0438295894978079,-0.0338318602289037,0.0372662051528796,-0.045916948866941,0.00835866659948314,0.0321417048658016,-0.0134940720429167
PIK3IP1,-0.0490465104842937,-0.0759076747485425,0.0447793520077976,-0.00408012799984131,0.0361309267413206,0.0608582980373835,-0.0552024675159773,0.0160044009071507,0.0481877398961429,-0.0161452537555106
PIP5K1B,0.0869462052119942,-0.00408559305083421,0.0347131596641062,0.0195318304542588,0.0334766317794444,-0.0812628433638199,-0.0348640037578545,0.00636156180964511,-0.0266381138128358,0.0233530849594871
PLA2G2D,0.0226770212023341,0.00316115340997965,-0.0563698723748663,0.0819291926161427,-0.0183092609378499,-0.0143194906789229,-0.0375771657889417,0.0202253252291049,0.0836531224174171,-0.0134069083322005
PLEKHA7,0.08045703319887,0.035430357255047,0.0259989607862028,-0.0423336606311203,0.00997251905655018,-0.0405388278309076,0.00402290333628705,-0.00351495399823369,-0.0480133828785635,0.00553949527977523
PLRG1,0.0192880821299582,0.0360059634168632,-0.0231858565481198,0.0977440303409119,0.014536245134143,-0.0231275994956486,-0.0689785124243578,0.00675028064293592,-0.0288343064118266,0.0509299587106175
PMM2,0.00339481090496441,0.00788351235897753,-0.0414554585390892,0.0345296919131301,-0.1090726573455,0.0419476451195695,-0.0486030860560549,0.0704754328636163,0.0559571522393814,0.0333573074799757
POLR3C,0.00813520179241772,0.0103861604317589,0.0185816495209473,0.0590183976814309,0.0120833497533942,0.00314197643497792,0.046317121619625,0.0546099159732763,0.157188489620296,0.0575179020546436
PON2,0.0247643559764202,0.0789472098540404,-0.0620427892576866,0.00367739121025639,-0.0755421667650365,0.0149488950098491,-0.0252007411585575,0.0488788654674196,0.00384942487751323,0.0270224920810287
POU2F2,-0.0679210733329173,-0.0291465779201825,0.0358770711506616,-0.00918208381454357,0.046634010013711,-1.59867524944993e-05,0.0440919726117645,-0.0139062843680362,0.03792612191513,-9.66437742355952e-06
PPFIA1,0.0389386735169835,0.0708353373989669,0.053413102544339,-0.0641850815168919,-0.00484960251451581,0.0135511817529658,-0.0232079414566334,-0.0363785663887864,-0.00419998523028838,-0.0248913923675893
PPIP5K1,0.0548972814289513,-0.0253199212243579,0.0831417806694034,0.0182448307232567,0.00250336498870893,0.00331890871174959,0.0248498838333458,-0.00493500106201174,0.043286307923663,-0.0284023323889347
PPM1K,-0.0889871327071601,-0.0475009928178101,0.0162683844500939,-0.000996362484530913,0.00519182727304232,-0.0115355987291051,-0.0283848281578821,-0.0150675539090902,-0.00399577121984864,-0.0251473501429816
PPP1R21,-0.0147602694173304,-0.0395357882214742,-0.0407831291482144,0.0450019709483749,0.0054462969211893,0.00617777549467985,0.0482835602430166,0.0262491506438509,-0.0363295264998457,-0.0580348918082637
PPP2R2D,0.0129284364473185,-0.0114665907306219,-0.0405414139515292,0.0773208229088865,0.0537649208598206,0.0664292902425639,-0.0170632909159642,0.0422606670889621,-0.0356052948402237,-0.0284171189567349
PPP3CC,-0.0830940136816546,-0.0522450507182154,-0.00559578885904974,0.0344931371604976,-0.0111727977566789,-0.0330492121872519,-0.0229747267819295,0.0123575225562005,-0.0260970996768285,-0.012640023253826
PPP3R1,-0.0213639834076072,0.0755421103185696,-0.0674831112647277,-0.061865514786961,-0.00219100011439638,-0.0346120050716351,0.00038589982917869,-0.0714953644116745,-0.0549889996295571,-0.0463005901733847
PPP4R1,-0.00869055694373806,-0.0479256242263473,0.00791363264789259,0.0569555173810559,0.0595521327114007,-0.0239207619374369,0.0450694684962507,-0.119204121779915,-0.0536769011928238,0.0921518296105736
PRKAB1,0.0584025566417576,0.0294735958497924,0.00786425726498196,0.0153199909983271,0.0223817651936476,0.0589127798136461,-0.0266407776491439,0.122010547391371,0.0110993708187061,0.0175240019965235
PROCR,-0.0823590755585022,-0.0439063324816312,-0.00222243047553558,0.00688100771608696,0.0140050852820295,-0.0469298848187173,0.0218349921429931,0.0458941329278015,-0.0484944469779847,0.0155332758331204
PROSER2,0.00141726608161302,0.064551787016172,-0.0711191377552136,0.0817069553598932,0.00684836112982483,-0.0230929002233904,-0.0038547119666742,0.0417887364550304,0.0770772572807576,0.0335522690814582
PRRC2A,-0.00709893289085461,-0.0451899701397903,-0.0357082354790505,-0.103076964373451,0.0313498673868859,0.0479111367784331,0.0556867688101913,-0.0166055875618314,0.000787488215200291,-0.058531251939255
PRUNE2,-0.0234644592679902,0.0588474605325812,-0.00875717081592404,-0.0796247518990543,-0.0194097325038766,-0.00514900082307887,0.0392324466152008,0.0588044462351857,0.00636396489502628,-0.0162557749894761
PSMD11,0.0231565146155015,0.0410874949722693,-0.0464104350073696,0.0670170237607184,0.0572477451151634,-0.106163352699347,-0.063243365689756,0.0607913106397213,-0.00121516577029011,0.0458691157499198
PSPC1,-0.0022151402043274,-0.036162207712891,-0.0779851704375252,0.0288706001603709,-0.0698655407340377,0.0414970842573443,-0.0335279882069238,0.00363009794266917,0.0755250983419742,-0.0272039228866337
PSRC1,-0.0784322230428244,-0.0362135160358987,0.0262755115614096,-0.0331615715546869,0.0309236379799642,-0.00468543104234956,0.00872095345669282,-0.00692016459245998,-0.033975861204492,0.0185998392760877
PTGER2,0.0499359641373194,-0.0004513586544391,0.0485400219307626,0.0143133458026095,-0.0870737202657683,0.0369136902928174,-0.00768068476714153,0.111998038141223,0.0234504198235481,0.0028258309566974
PTK6,0.0736748640646901,0.0190135536011087,0.0587074705185971,-0.032564502804386,0.0591209906383924,-0.0422343949376404,0.0303358085986103,0.0510436592721865,-0.0213424294809474,-0.0268520589551938
PTPN12,-0.074172365820856,0.0217329526316062,-0.0658865406819934,-0.0482937789775163,-0.0328859041424912,-0.0127436774750553,-0.0136074880021553,0.00566527398784394,8.05887414528598e-05,-0.0121244431295896
PTPRK,0.061400085017403,0.0642453287370917,0.00512737010768419,0.061057965876126,-0.0484304438458275,0.00315163723310656,0.0138282505722911,0.032138988875451,0.00779275856005895,0.0428380078574593
PXK,-0.0385570978123851,-0.0838818045334605,-0.0258791523901832,-0.0235207700494105,0.0785602858632777,-0.0537105405784007,-0.00786648815091143,-0.0337934915028545,0.0238551841109129,-0.043215690943271
PYROXD1,0.0909702663835099,-0.0318121857246455,0.0285883962729026,0.00200552072086126,-0.00883505124263796,-0.0086546502436743,-0.0151628400186934,0.00429863363501411,0.00532379315466626,-0.0281338239192072
RAB1A,0.0106146088274674,0.0956306284565504,-0.0268639533889489,0.0378190264897067,0.004748099186695,-0.0176321159707698,0.030574803068777,-0.0584190669185074,-0.025453122247488,0.0586407236655553
RAB22A,0.0185723248563901,-0.00947011744603921,-0.0906124655482803,-0.0822791938075017,0.00432566677890817,-0.0896123104544785,-0.0277651687832962,0.0177823230361974,0.0303721022603843,0.0162677596171008
RAB35,-0.00063746604327547,-0.011532364377958,-0.0220304291006387,-0.0880533645305838,-0.0185309334641688,-0.0071131544451072,-0.110611094225429,0.0400734011110808,0.0478846532128721,-0.0172343323960772
RAB42,-0.00728253123453891,0.0346390188071564,0.0696325436160999,-0.0234529371664361,-0.0209684172061212,0.0427159584962303,0.0273452026838053,0.0755559163811,0.0525470069363993,-0.0696417737297773
RAB6A,-0.0100015544172244,0.0480097902560947,0.0277172981699267,-0.0236173672785819,0.0345818140449797,-0.0612172181777584,0.0354316720673362,0.0527837559265618,0.0579707900337704,0.0965619026867669
RABIF,-0.00526935082482075,-0.00177903212969556,0.0365140275758984,0.0239284256228774,0.0820166616119495,-0.0358922210720427,-0.0550621548973249,-0.0446891732826302,0.0384143162461199,-0.0405223406388215
RABL3,0.0245826305850373,0.0524245299113571,-0.0967122870269067,0.00511149301703842,-0.0483277384348209,-0.0198737360281181,-0.0546074933536005,-0.0324377748714885,-0.000845706236499234,0.0263521288490341
RAF1,0.0261527652698748,-0.106252182297121,0.0209506710611928,0.0444058286212371,0.017379638993071,-0.052947941526983,-0.049382327128501,0.0139235180730559,-0.0273047933118043,0.00631015746902144
RALGPS2,-0.0533392109726125,-0.064437932152895,-0.00842061840077932,-0.022440741868533,0.0337407671627451,-0.0887709270391333,-0.00318309779368029,-0.041126177573561,0.0388942484528861,-0.0588290136249698
RAMP3,-0.0527711251083271,0.0520161992387399,-0.0576704758199543,0.0116130837712482,0.0319715688490924,0.0291000837685395,-0.0469591740751725,-0.0395358246712234,0.00891525543538189,0.0472014234473068
RARS2,0.0497115042625184,-0.00145744185003884,-0.0159801846232984,0.119384389308674,0.0191135392480815,-0.00453527672101903,0.00387745917765981,0.0444314778257208,0.0152359751387691,0.0677441285695169
RASSF3,0.0576655096587064,-0.0131672359017503,0.0394324894500692,0.0309444332440013,0.0312792107513943,-0.093816541315844,0.0404619059110068,-0.0734362118840153,-0.030025372509796,-0.0199511661237194
RBM20,-0.0216845303567344,-0.00150473468775849,0.0772316903545145,-0.0330215295433506,-0.0359570524356031,0.0622243536809168,0.0145005268230125,-0.0219085837399386,0.0637164328320269,-0.0463064526662492
RHOH,-0.0856318177614442,-0.0094035366487688,-0.0086777289121019,-0.0132006341511273,0.0137124145701667,-0.0329755992632122,0.031428860336747,0.0430151635111308,0.0322257777744435,-0.0665076049528764
RIOK1,-0.0774974713491675,-0.0373824682449549,-0.0283846077176469,0.0123509970186707,0.0467074902415336,0.0234403383774834,-0.0464671477011481,-0.0401583227634633,0.00747601629473429,0.00756144299269245
RNF38,0.0075189604031612,-0.110987782462465,0.049025464107872,0.0468749941170706,0.0372168023128426,0.0139243052910081,-0.0118042089052579,0.02022521331184,-0.00354570950250292,-0.0180897167623677
RNF4,-0.00761077816204627,-0.0800617298058166,-0.00906653474390338,-0.0404918268460249,-0.00364249748585116,-0.0617916669247217,-0.0308393112244606,-0.0148691909879874,0.0689812188362051,-0.0243914382926024
RNF40,-0.0230262513169552,0.0237702250272983,0.0556681726863257,-0.0584958929737373,0.0575673682725947,0.0763439805293344,-0.0444090179558545,-0.0543446111163607,-0.0464793349316328,-0.0131379166301221
RORC,0.0470928687070255,0.0154698671907205,-0.0150537395695786,-0.000504427980735139,-0.112274114218725,0.103968128706681,0.0545264308838522,-0.00130459127539349,0.0608874460666432,-0.017038519008378
RPS6KB1,-0.0553246005974377,-0.0480586934451489,-0.0183898274612821,0.0505527211133472,0.0305498536710489,0.0118421308920486,-0.00633383058184163,-0.000990637275462209,0.00709246843033472,0.101027613859727
RSBN1L,0.0265080522759155,-0.106267112266149,0.0323836331246595,0.0431751506511331,-0.0580015967082457,-0.00707807868345095,0.0181766281571768,0.0206808769467681,-0.00806536965927658,-0.0475814515109967
RUBCN,-0.0720048831892522,-0.0268354775796262,-0.0243965522367856,-0.0273454366627521,0.087040402589595,0.0427973194658003,0.016745332267468,-0.00692279429639876,0.020482749657304,-0.0153348387656622
RXFP1,0.0141764647658673,-0.0262909609389517,-0.0237910105085568,0.00826771524867223,-0.019925623841719,0.0245349744965489,-0.0373567059093954,-0.00917006158898834,0.0966650498196229,0.0453216845710558
S100B,-0.0655759935036456,-0.032579662123467,-0.0159894258387543,0.0220246304290262,0.0133781752890075,-0.00296268425399227,-0.0301402209738587,-0.0148403653302039,0.000455648059534556,-0.0785659911703553
SALL1,-0.0670852395031591,-0.023880266783408,-0.0244571299438914,0.0383944333196171,0.00359669911390717,-0.0266063981530896,0.0228872129332045,0.0154730542482037,-0.0792626808399867,0.0345137237753315
SART3,-0.00655589823923304,0.0485366276992253,0.0696362781196542,0.0183931773219729,-0.049200688665405,0.0631460771135977,0.0110163181167648,-0.0568888052921776,-0.0405466575642533,-0.0361264592968291
SCMH1,-0.016257460662435,-0.000385311593990365,-0.00478378221305594,-0.0234915165102024,-0.0109430581770005,0.0233046651766046,-0.0497209021498253,0.101331492084629,-0.0244848698608343,-0.0942657967748511
SCO1,-0.00971050878630206,0.0578530675400711,0.092516160533341,0.0306533347696578,0.060513942448947,-0.0100335403811453,0.011293914633491,-0.0691983917488345,0.0481803191237844,-0.0270543471691042
SCOC,0.0783170616146327,0.0239999256667407,-0.0462182530619541,0.0415677867178196,-0.0478993751858694,-0.00673670412746628,-0.00364837998929879,0.0158940608539703,-0.0486221973207515,0.0129873255969264
SEC14L2,-0.0472659505419281,-0.00727617081970703,-0.0122872080269468,-0.0418087168328779,0.0164571933173091,0.0760283982872363,0.0453196528379214,0.0725509839576013,-0.0124022636235504,-0.0875206121192353
SEMA3E,-0.0135288454448507,-0.0494459385080142,-0.0968768210291755,-0.0288038621095302,-0.0485066343289328,-0.00463561868417532,0.0110312507641867,-0.00242199456138136,-0.019870308017074,0.00386428587199728
SEPSECS,0.0766708347823103,-0.0778192169427161,0.0250824175999007,0.00834443098647785,-0.0072390230870572,0.0188301859654399,-0.00352744744631174,0.0308819685794622,-0.0151032949480417,0.00818875126633472
SETDB2,-0.036743293854765,-0.0666671776078831,0.00111401213064576,0.0729689730860379,-0.0115343235093572,0.0334421865602388,-0.00553978288873521,0.0476807134673623,0.0524260438083651,-0.034153772935867
SFSWAP,-0.0601669852166948,0.0647357073608016,0.0517673994022647,-0.0330281099629234,0.0169938972516358,-0.00146117174544461,0.00289687946363522,0.0640381202496938,0.0215348356311828,-0.017896774609714
SHISA2,-0.0244097057022148,0.0403997458602528,-0.057132948847811,0.0418038909978405,-0.087256363563852,-0.00657504844341045,0.0342262177356814,-0.0170200487559114,0.024252807476475,-0.053986070489048
SHOC2,-0.0537065364034459,-0.00388660343950278,0.0291388376734735,-0.0178412364755527,-0.0582285027882322,-0.0607471024053077,-0.0131372243498969,0.00498526556189647,-0.103647650467664,-0.0784362962337578
SIPA1L1,0.0015281216611414,0.0218518869759977,-0.000215441532014249,-0.04382035637037,0.0933536058872606,-0.00304746410459196,0.0177837550673408,-0.141955702683038,-0.00758702313959652,0.0490645132206305
SLC35A4,-0.0346093975602345,-0.0283630833861693,0.0252592013386612,0.0248550344785394,-0.0786309428000978,-0.0845136483099098,-0.103375997626251,0.0250556317312472,-0.0311639013818535,0.0612642522168711
SLC35E4,-0.020643387632748,0.0146882168438221,0.0594855599342576,-0.107879216546864,0.015878353550259,0.0266971578609583,-0.0352189727082693,0.0432772373336307,-0.0169540910438695,0.0247921657673359
SLC44A5,0.0518385195622692,-0.0159880376800769,0.0212260479784608,0.0547509066914434,-0.0459972920017429,0.0158995281292536,-0.0202247758269277,0.0443627048581263,0.00998091102150768,-0.0362668335701657
SLC6A19,0.0399131593143404,-0.0269133964793471,0.0231047666867377,0.00055797513288987,-0.0943950511828843,0.0869378232334008,0.0558652409289105,-0.0384609092233252,-0.0116973582587399,0.0168584625722864
SLC6A20,-0.0129007599652387,0.0830105571589044,-0.0342789849360574,-0.102787015193757,-0.021296847976209,-0.00775615466476056,0.0521973385225174,0.0450289561317361,-0.00506527250597868,-0.00202716587783771
SLC6A8,0.0377342046992214,0.0472496220439097,0.0361264404476556,-0.0510058148559042,-0.0562142490247628,0.0581566762450911,0.0428172317247232,0.0248738082747715,-0.0131851840867889,-0.01231239715043
SLC7A10,-0.0284898139143809,-0.00895926038412205,0.0188533051243467,-0.0874589088490974,0.0206601099510929,0.0763416611274106,0.00254307484590413,0.0887586846936997,0.0455732517485876,0.0104191669398461
SLC7A14,-0.02870382856404,0.0235095688610427,0.0316830810573769,-0.0528712872557075,-0.0202809943964414,0.00197427415158377,0.05610761061945,0.0588059461367581,0.0702444147908475,-0.023868492561907
SLC7A6,-0.030935538834572,0.0285187703892796,0.0665176272611332,0.0639287146813298,0.0624503535026767,-0.0010726561364646,-0.00415461786808216,-0.00959913684827656,0.100927601337242,-0.0438376710019738
SMARCD2,-0.0511790191008537,-0.0100758457034544,0.00926966489334368,-0.0500323997996795,-0.0349559190724356,-0.023312032022021,-0.00923982003169802,-0.0220066126323954,0.0854338670514357,0.033314228568736
SMC6,-0.0529201741990083,-0.0189891978737795,-0.0070376338286075,0.0508368689333066,0.047030030791265,-0.0198698619586455,-0.0544507017039145,0.0537617969981673,0.0131348957850158,-0.0996720294420838
SNAI3,0.0292242830478965,-0.0441523298812247,-0.0723242471154591,-0.043478233745752,-0.0704631112519397,0.0227314869982978,0.0447645813931932,-0.0963367886932684,0.00699556076272244,0.01743344639405
SNRNP200,0.0163148642956983,-0.00358392273577265,0.0258664827524174,-0.0441217047155462,-0.0507846449941215,-0.0229531947778113,0.0451295685030182,-0.00185798391984093,0.0469238333488376,0.103088646836588
SNX33,0.0590467439434243,0.00321619209875953,0.0496256468212118,-0.0434352756626695,0.0562303045480094,0.03944178336611,0.00910910179603584,0.0255948822462115,-0.00393912557594902,0.00328554192734898
SNX4,0.0766425859513171,-0.00671669799637002,0.00764310674409205,0.0331824626472971,-0.0564545122364807,0.0399824808664929,-0.0330430046277233,-0.0193250385962428,0.0367945663661821,-0.0115914205513743
SORBS3,0.0658185377179818,-0.0444477963367838,0.0388105877501347,-0.00857206797026181,-0.0355769495855497,-0.0136471048991822,0.00457805038012757,-0.06768731175588,0.00438938853000184,0.0325166889406376
SOX12,-0.0191750463575533,-0.071227313501332,0.0521789100811315,-0.04587714563076,-0.0448276891701857,0.0117059107325341,0.0287545769533536,0.0526330516870319,-0.00336525754801809,-0.00290502843633482
SOX17,-0.0705706961271961,-0.0427152329091989,0.0329004948129574,-0.0010473587591682,0.0417863082929742,0.0162815937594589,0.0425170507579461,-0.012487695227538,-0.0266059167522133,-0.00706449770007392
SOX4,0.010097047604806,-0.0445190949545594,-0.000755833579447213,0.0778788440102665,-0.0370537579923826,0.061779972445508,0.0931671500014412,0.0596145729470527,0.0290398551607932,0.0390517564965343
SPOPL,0.0434985052981289,-0.0785212177166633,0.0227514009130517,0.0698188446021219,-0.0728988377094876,0.0140861808979895,-0.0126003900559526,-0.0167191708984979,0.00482596849538319,-0.0457151756072513
SRFBP1,0.0229673265241361,0.0895270309674888,-0.0701560589722186,0.00298050248085551,0.0497156105076796,0.040224888537009,-0.0033025392714917,-0.039776993017725,0.0270107385613658,-0.0234386332004907
SRR,0.0282644734082695,0.0278903774977459,0.0877404226366026,0.0395790839857728,-0.0139378294469198,-0.0104338349373159,0.00748027830444596,0.0689418297288853,0.0797143070234002,0.00570653850289603
SS18,-0.0330331213847386,-0.0924875669283957,-0.0477304204795362,-0.017742158509256,-0.021809257463961,-0.0521712475261759,-0.00498026549727306,-0.0400503989502029,-0.010160281269967,-0.046434590385047
SSC4D,-0.0125895837107828,-0.0371251036778224,0.0197040609669893,-0.0744953210914601,-0.0389728485658297,-0.0389397062499862,-0.0504841999190659,0.0153345432133891,0.0329384235093396,0.12419361392121
SSTR3,0.00784105155816663,-0.0347094359104503,0.015605312851261,-0.0557230643270588,-0.0422678169384512,-0.000911069374567304,0.0717878102380348,-0.0130531258547981,0.0299429561587149,-0.0605962434107184
ST6GALNAC1,-0.042541709506579,-0.0310322908546999,0.04319670611447,-0.011133924657676,-0.0262398896650347,0.0592662670009333,-0.0503121231582209,0.0111895954436891,0.0619953933575843,0.0542661798828754
STAMBPL1,-0.0279802019747748,0.0410435278619501,-0.0633470439434693,0.0379969020831563,0.0740513650275278,0.0216306930417404,-0.0212420878887779,0.0790873870582682,0.0142026287045318,0.0417159859804176
STARD5,-0.0181052946741065,-0.0392153147327191,-0.0318897860374479,-0.0169074192867653,-0.0805047161553859,0.0756544748996374,0.0699649492607035,0.0503293783815195,-0.0379168739345671,0.0509471708904154
STX12,0.0828533002557959,-0.0195757932279245,-0.025290666407046,-0.000390772272438935,0.0703886355711701,-0.0648105690022881,-0.03763132597455,0.0156126554054195,-0.0100266878667382,0.0142698919460996
STXBP3,0.0826715595044302,-0.0391172619730848,0.0397335417646608,-0.00719052543689373,-0.0286396539144056,-0.0462186300573506,0.00693661651013077,-0.025188531228574,-0.00156268722084252,-0.0189370970238005
SUCLA2,0.0309046242925727,0.0316692892729128,0.0957578162122566,0.0148590789957143,-0.0014835114603186,-0.0637551745161986,0.0687520369926069,-1.42169585225228e-05,-0.0247898535984772,-0.0509041725257502
SUSD4,-0.0137492887053971,0.0140562320706229,0.0946008348993792,0.0166197488584142,-0.0585359470122849,0.0434272782614791,-0.00468564554230231,0.0275344566324263,-0.0813233928989427,-0.0256566756787332
SYT11,-0.0824744232076484,-0.0269545964022401,0.0302914694307248,-0.00983165878637809,-0.0324751889728231,-0.0334411284828376,-0.00766307193498797,-0.00209971922258608,-0.00513028580546167,-0.0148017896957963
SYT13,0.0317235946774905,0.00806043588671907,-0.0556624752525652,-0.0505059221620068,-0.0141243343527798,0.0985966783174668,0.0741608436127116,0.0729944078979908,0.0253393252295506,0.014154442802499
SYT14,-0.0574706100029888,0.0523652354065856,0.0666463313154187,0.040941327995364,0.0300070164250834,-0.00740917876555259,0.016687358085992,-0.0330020581879125,-0.0293076712630726,0.036510320746822
TBC1D20,0.021038347098468,-0.086981495580436,-0.0256263192392532,-0.0192462319656001,0.0204400512636138,-0.0289383180131243,0.0308619586848109,0.0107374776396834,-0.0837299297576821,-0.0040466712128587
TCF21,-0.0557508824965748,-0.0572546880465324,0.00849827629395879,0.00215448060277467,0.019272190033777,0.0539277931888087,-0.0451386975018112,-0.0742847280166251,-0.0574250978009754,0.00703664210816272
TDRP,-0.0283464066311672,0.0455818330972569,0.0307005205474391,0.0666444075687608,-0.10802020329518,0.00211267484452898,-0.0381873820301502,-0.011937253564341,-0.0180118875047837,0.00437547114333269
TEKT2,-0.00971663004022075,0.0358001507100757,0.0592459042963576,-0.000963485817818685,0.0131414601249551,-0.000120147750441281,0.0749894846025573,-0.07549659495809,0.0936008021199849,-0.0136224089143407
TEX12,-0.0260867787139058,0.0181603283169597,0.0223560281072792,0.0406589751935134,0.0245977366590725,-0.0259597705402502,0.00665844923921356,-0.000482336497864088,0.0374901980442437,0.0568700529358168
TGS1,-0.00224990048380762,-0.026487902952335,0.00295326390755675,-0.0185295319857386,0.0273412599010124,-0.0134111537522466,0.0107734793894792,-0.0133235747115575,-0.0856600314744582,0.0183729372834976
TIGD5,0.081538303899271,-0.0305659926852156,0.0380808178136875,0.0178925884759388,0.0389697780523858,-0.0775068373724497,-0.00920585313622107,0.0214974853776413,0.00591572429113115,-0.00517099825598894
TIPARP,-0.00852247232961672,0.031428340964244,-0.00469265126293231,-0.0597055344671799,-0.037561145087978,-0.0183898681978086,0.00369399140824641,0.0564236591252397,0.025820100514278,0.0642060105486705
TM6SF2,0.0550566411532257,-0.0115335528702171,-0.0503856084154209,-0.0622840305756809,0.00143049410256395,-0.00681432145942102,0.0795016648464946,0.0387826353980903,0.0184501024555623,-0.00775223874546963
TMC5,-0.0189900252187028,0.122350257376082,-0.00595141443993736,-0.0178768392038255,0.0206854169484394,0.0135943645361472,0.0659414169383546,-0.00895727996581319,0.0174404961482057,0.00625460495556905
TMEM127,0.0389144217306684,0.0272660384749275,0.0669053728358639,0.0205570415134662,0.0210469799990018,-0.0373391027911097,-0.00746521901883259,0.110885509937369,0.0254856015062711,-0.0303432781989688
TMEM132C,-0.0392539826791285,0.0803065820258252,0.0277823996529816,-0.0296763990104386,-0.039275815027282,-0.00714440687327755,0.0391997125883917,-0.0363714835783286,0.0300821775624506,0.0505782094215197
TMEM165,-0.0634682330995779,0.0534148905533022,-0.0343268628373214,0.00591509183067212,-0.0407865436693843,-0.0401376588781763,-0.0286530408276366,-0.0590411681743068,0.0202155043304729,0.00220204894329614
TMEM184A,0.0525844442127121,-0.0291902916057875,-0.0098112275324792,-0.0877174647725368,0.0114081777602767,0.066546453174923,0.039706613754236,-0.0473123851835754,0.0509485170756869,-0.0609843835120208
TMEM43,-0.0772875866524231,-0.000131401088808511,-0.00648530750736014,-0.0216792356599468,0.0372085101929974,0.0417249780158689,-0.00332682660330647,-0.0499361752797871,-0.0469927983692885,0.0685781604367018
TMF1,0.0172398862980744,0.0465474950415905,-0.0322485617132733,-0.0478990817804969,-0.0912829042425436,-0.0495063957800629,0.0807465807804043,-0.0212103385947147,-0.0636493438688382,0.0191637877988387
TNFRSF13B,0.0112461444533495,0.0100479471335811,0.0745986186832974,-0.0391613266584483,0.0120935797487947,-0.0703332988918785,0.117230735537107,-0.0754087489017602,0.0102390333426825,0.0569240290914159
TNFRSF18,-0.0562550056118025,-0.048963588410072,0.00473077461124288,-0.0695788216652808,0.0159949738227771,0.0033615422906321,0.0501359301211629,0.0382091805592345,0.00406759474016525,-0.0393330918214563
TNFSF8,-0.0870243395101207,-0.0317250055328516,0.00952059298831092,0.00917530204715423,0.0460304146850261,0.00167194527429227,-0.0168007185099863,-0.0291783327035409,0.0494820303426907,-0.0172646268534431
TNK2,-0.0201023737534947,-0.00931435283343088,-0.0444487083904196,-0.0451351405377455,0.097348882190795,-0.00889843713233985,0.0171722471037427,0.0209174028905472,-0.0278794905182986,-0.0433611511658069
TNPO2,0.00514336518719039,-0.00358695018947163,0.0958538679918832,-0.00276628284495618,0.114496572162799,0.0150454245238744,0.0288615662598401,-0.0645381594327098,-0.0107528498895072,0.0137120022115119
TNRC6B,-0.0116002631966094,-0.0325345415048204,-0.000935065543132758,0.0981134911309117,-0.0196748343780008,0.0193498714584439,0.126154368710873,0.00342015183438352,-0.011486571312617,-0.0539548380157266
TOM1L1,0.0781836819080839,0.00631729063393535,-0.0161729524245164,0.0437127919936656,-0.00803020849701968,-0.0436244275024228,0.00996548370632376,0.0230493106465011,0.00557964469848008,-0.0304553835486391
TOR4A,-0.00111835104697991,0.0628523567841649,-0.0341144401808739,-0.106212839156542,-0.0172943105518422,0.0310669923071435,-0.0368264369113106,0.0745441392338632,-0.0235787372766015,0.00662856744302534
TPD52,0.0406614537372052,0.0936228511831937,-0.0278242521563073,0.00939955782971293,-0.0222337058724102,0.0100541997962146,-0.0241631330137347,-0.0849591939572436,-0.0135212370567861,-0.00317829533004772
TPP1,-0.0375451461800274,0.0616141871899971,0.0133365973034623,-0.0566430177436333,0.0347988484603566,0.00851334481132728,0.0738391119504554,0.0574408624420887,-0.0778267269900674,-0.0199961914243248
TRAF5,-0.0576056537993424,-0.00133463817682867,0.0710035131495059,0.0397748349425034,0.00949657848410904,0.00443342210935218,-0.0128149583337799,0.0155269700044526,0.0487127080070838,-0.126961126071224
TRAF7,0.03494119420331,-0.0758322310797092,-0.0099389067312755,-0.0766210283564536,0.00515538552897019,0.0264676441904841,0.04335035709994,0.00881348912145394,-0.0303198475034852,0.0562496167129897
TRDMT1,-0.00468651470028847,-0.0560644929678788,-0.0205619340184878,0.0390064252191331,0.0564607497946499,-0.0213332121737254,-0.00888731836059154,-0.00236353093330198,-0.0919309941080983,-0.0253331087965547
TRIB2,-0.059848485700667,0.0245604195364571,-0.0588146501548368,-0.0647980560443758,-0.0136233083188985,-0.0215577511636001,0.0841496279821809,0.00573792913379285,-0.0335839740241208,-0.00732482181092175
TRIM26,-0.0236872686968916,0.0237023637719043,0.0584008741404121,-0.067471888788911,-0.0312210441307486,0.0302420264589606,-0.0292188129876042,-0.0302001371401657,0.033204647907302,0.045963399087275
TRIOBP,0.0397937080849438,0.0425865762439583,-0.0052944228633241,0.044353826280863,0.102453663702044,0.0689450054793283,-0.0366719661857991,-0.00875570735759894,0.0460555764795534,0.0388815520717601
TSPAN10,0.0174845516642252,-0.0502933505312064,0.0644316677526567,-0.060313960926354,-0.0287001629595699,-0.0512744451845876,0.0468968907228727,-0.025935904865771,0.00452485507978277,0.0345457024761932
TTC30A,0.00511300332045192,0.0140604649868254,0.0433872284630439,-0.00678903827807596,-0.0253389008428723,-0.0780327537971917,0.0182938526897472,0.0369622110728847,0.106860486692883,0.0612705988587103
TTC30B,0.0658771184635069,-0.0415986376020741,0.00201692766573028,0.0314832148663649,-0.00573700832393639,0.0224819072100592,0.0480797117462484,0.0585851910477242,0.0136625902046743,0.0132846268634685
UBL7,-0.0112049653434369,-0.0105246497165758,0.0653379432225521,-0.0602845003604563,-0.0570416015803916,0.00467593551720542,-0.0875124527998514,0.00205905466796923,0.0557883325273686,0.014239751576152
UBN2,0.0328467986374811,-0.0321599574339912,0.0422866645986716,0.0115583834667049,0.0160503232548157,0.0782284405059089,0.115452048765996,0.0132049644346637,-0.0372773971716667,0.00551959218431912
UBTF,0.0202750976911983,-0.0526557196915717,0.0798273615535831,-0.03383918067305,0.0257478962629374,0.00834011199118508,-0.0201686993647791,-0.0389289083399649,-0.0242197236701027,-0.0747131346028694
UBXN4,-0.0496745486078798,0.0839307415872639,-0.0454414062302964,0.0183358719277032,0.035310553204573,0.0216107480039421,0.0329678226908035,0.0319821376496083,0.013253107110868,0.0300518365212702
UBXN7,-0.0723847210601572,-0.0218636572300839,0.0673233720063998,0.0441586780786528,0.0449798911956061,0.00859654398329742,0.066863397707516,-0.0294132103035509,-0.00876531925037223,-0.0547589380935787
USP1,-0.0329324968806088,0.0502810680116368,-0.00292240359436824,0.112205367461885,-0.043778135384404,0.00923265196537036,-0.0595630970566887,-0.0396172993155381,0.0266474161251449,-0.0301906927396908
USP5,0.0374059515679366,0.0385425432490045,0.0247092394572066,0.0670442324650515,-0.00892870825002838,0.0146917941649116,0.0372963329159602,-0.00590352064682819,-0.0176487667453401,-0.000767054532238687
UVRAG,0.0167299725796053,0.0145863571415083,-0.0354499124480463,-0.043518101649219,-0.0485354905309043,-0.0477302745052972,0.0270981960910253,-0.044811242004993,-0.0345868760922134,-0.00133751882175039
VPS9D1,0.0272838588302025,-0.0147644775132935,0.0700076623858243,-0.0527169509701959,-0.0659160897766082,-0.0525622912288573,0.0332190852055634,0.0469812480155057,-0.0369192847894625,0.0506416548089134
WAC,0.0295186358126111,0.0135671972987281,0.0276681986069383,0.0739679137652466,-0.0707828702862127,-0.0299276528982643,0.0531496674330132,0.0966840056915858,-0.00137751520756441,0.0394916434700386
WBP1L,-0.0124338135005306,0.0179892991813892,-0.0221488165829852,0.0393931191599817,-0.0968759896833745,-0.00746837528203394,-0.0336090114573447,-0.00435909922506678,0.0460937410534675,0.037990230996569
WDR20,0.0742966571555056,-0.0046056395068249,0.0132050071909556,0.019923371785632,0.0269356174267945,0.0228573702080213,0.025428428905219,0.109222705430289,0.0450664403879492,-0.00394964098877103
WDR81,0.0151485103871455,-0.0129552973229226,0.0151254915281067,-0.0399810980302934,0.00599405773593161,-0.0093325224546238,0.0441195899197537,-0.00311891167858658,0.0679258593447473,-0.000929013915185278
WDR89,0.0054478740143011,-0.0221296369427878,0.0867467561604915,0.0616297581051372,0.0253405984068859,0.00787720273287687,-0.00765819642519962,0.0334732024265183,0.00253430925215902,0.0545454216615865
WHAMM,0.0236236458724937,0.0315976727018471,0.0509594174022717,-0.0308196161744743,-0.0649359763004575,-0.0699075035852415,-0.0578277484135296,0.0222975064344812,0.0947998538343425,0.0420031806308479
WLS,0.0433151288491837,-0.013334964916864,0.00522054231967481,0.0589661706255823,-0.0642596122176361,0.042219216287242,0.046233209049025,0.0591433835849255,0.00667369398419183,0.000795538773154659
WNT5B,-0.0439945432384496,0.00341902511503397,0.045308059398165,0.0360420387251722,-0.00225622717513669,0.0936500785485871,0.0360334349564225,-0.0319858191970731,-0.00516143513582487,0.0362936629419992
WSB2,0.0314483181049156,-0.0259883988977937,-0.0169624902603463,-0.067041413287404,-0.0185975552127777,0.0213790722135071,0.0143539806602614,-0.0193221158734767,0.0399593750149005,-0.054508754768132
XCR1,-0.0741375781176593,-0.0263591254673836,0.0115591518125234,0.013702910225585,-0.000253127324202572,-0.00145427088030867,-0.050934126008967,0.0100842180577208,-0.0754549276642662,0.040769391868293
XPNPEP1,0.026000678538532,0.0564649350907756,-0.106593654309065,-0.00823943304922697,-0.0451930590011039,0.0463463869067805,0.0382515211257169,-0.0203243774794249,-0.0344873552853109,-0.00429977816773745
XRN2,-0.0142063738287995,-0.0218611925283302,-0.0652086129756751,0.0790431579629755,0.0658684582893053,-0.0092005521085406,-0.0507425250741934,0.00958164722437752,0.0296984522478313,0.0758754935676135
YLPM1,-0.033694479373395,-0.0514103616056572,4.48222503956542e-07,0.0726336536646999,-0.0696409323428672,-0.0106886545727588,0.0281893471206096,0.00444988463049674,0.0139764718945664,-0.0199640459878484
YME1L1,0.0926847441916874,-0.0313177348712178,-0.00669946605519532,0.00114547132705158,0.0211221119886668,0.00974950964991133,0.0295720937971453,-0.0121571850614938,-0.0097708215105235,-0.0172150188606832
ZBTB18,-0.0221282016370487,0.0948814107476051,0.0210497079709379,0.00220529338328942,-0.0717080171685444,0.0468245121932955,0.0827183187106486,-0.0443458361924522,-0.0219497228751701,-0.0497876212677396
ZBTB49,0.00577092493666483,0.0409128242740989,-0.0123044425884868,-0.0133228201644061,0.00188238815738247,-0.0129208776366929,-0.0249277165954055,-0.0122432952431664,-0.00665538097625377,0.0754192575592701
ZBTB7B,0.0600174617574312,0.000806198460484938,0.0363296265291813,-0.0576677855704393,0.0763851085274423,-0.000102632933183715,-0.0580508094018249,-0.0601681182197569,-0.0787436250239018,0.0049126938285818
ZC2HC1C,-0.0332213182123761,-0.00161738522767223,-0.0269080702028913,0.0299692439986933,0.00104969195098699,0.0453601699988631,0.0249729566971103,0.02944439708248,0.0110681286591897,-0.159762513650696
ZC3H14,0.0473678452425053,-0.0169107455218288,0.0555973620197168,0.0850243430491591,-0.0248257122958425,0.0592710834278208,-0.0158527555098575,-0.0560712627255984,-0.065048122587632,0.0191940452431415
ZC3H18,-0.0512887602254118,0.0780023535206796,0.0587441223410132,-0.0156202623275342,-0.00973637297392284,0.0303270313292201,-0.0880020834890826,-0.00310530736930572,-0.0129191035309456,-0.0234729619021035
ZCWPW2,-0.0496748088053995,0.0376090836110565,0.0551191537009731,-0.009454989026933,-0.0207126654561027,0.00990236495482698,0.00589828508049519,0.0164297255776106,0.0961411243553131,0.0188334490920233
ZDHHC14,-0.0419570166351022,0.0623319449836248,0.0214233647896375,-0.05959817371887,-0.04082730979401,0.0820862501788311,0.0617008761152298,0.0634430714628917,0.0171051435936228,0.0208737625003419
ZDHHC7,-0.0173572303103502,0.0389940811954613,0.0569055267768363,0.00374006658390139,0.0145456167128254,-0.0243871279829594,0.00397715936674705,0.0320590254619204,-0.00542230247137946,0.0365403972642912
ZFHX2,0.0187807456829131,-0.0584131749234634,0.0363380404882595,-0.0621924347550583,-0.0372575154795956,-0.0295798545491407,0.004723636674887,-0.0154591709056349,0.0727846255822414,0.0188534797362806
ZMAT3,-0.0431000708060136,0.0282880026404997,0.0216872253863103,0.0040166592391028,0.0596014668038315,0.00878602856275149,0.106498809763645,0.0792270688089035,0.0376797231246836,0.0549423571586303
ZNF426,-0.00391009487174547,-0.0417164736515388,0.0331264378371713,0.0119022289790114,0.0018410602965024,0.0787301878637089,0.13914402872156,0.0362730328637167,-0.0064976863952757,0.026329040095637
ZNF488,0.00398219693913385,-0.00835943074695317,0.0197273843590575,-0.0328906606533895,0.0464254230648104,-0.00369550920270412,-0.0568867390707013,-0.0640118037760986,0.06894909233908,-0.0362961781289741
ZNF746,-0.0664238744773854,0.0227120515825148,0.0442074883879304,-0.00798342685403791,-0.00754902106163857,0.0426548519774877,-0.0124879325893509,-0.00740670506936267,-0.0823258341928183,-0.0090653321482124
ZNF777,-0.0549467636455013,0.01057952723067,0.0583836975506447,-0.018293416388987,-0.074751470988094,0.00535489923360976,-0.0515177534805917,0.00121119986474516,-0.0618058806551214,0.0317259427729316
ZNF778,-0.00732916606073414,0.0531428270671345,0.0101496064368561,-0.0655587280164689,0.0515466778501259,0.0304547285723067,0.0596321851046471,0.0750202957622676,0.0125460794801968,-0.0301056529937126
ZNF839,-0.00722293741661655,-0.0709976566035011,0.0321631765336065,-0.00658468531652913,0.0568569795446789,-0.0188135699908293,0.0181013033014784,0.00557041890759347,-0.00864828957476681,-0.0371325300551788
ZPR1,-0.00562030539963766,0.0357468058224833,0.0125193085807405,0.0183995628693501,-0.000102762550778435,-0.0617344123919493,-0.0102119737438355,0.085671403214889,-0.00323562419870642,-0.00435661767965538
ZRANB1,-0.00883334353531617,-0.100813386575289,0.0122026511802938,0.0148889993140197,0.0237190495546891,-0.0604623737146,0.0722218674621917,0.00848232377553546,0.0161612753471119,0.0555652320692138
ZRANB3,-0.0501732197124217,-0.00353556079276677,-0.037974786044437,0.0220068000477179,0.00778415013093009,0.0285319369423522,-0.0179523999851842,0.0485688110906072,0.00745788313297473,0.0135928793075505
ZWILCH,-0.0148839934493886,0.0841724030193377,-0.0505244067881367,0.0365279749061658,-0.0394845437346152,-0.0217712497607328,-0.0340661563688028,-0.0285778479684511,-0.0134290468447541,-0.0548465663286227
ZZEF1,0.052495574063851,-0.0163447017409711,0.0564941431139454,-0.0384420650961343,0.00830910759110372,-0.0659840841048887,-0.0288252604470077,0.0724813722382572,-0.0305598649807743,-0.053272972070559
